#id,name,icon,r1,g1,b1,r2,g2,b2,gltf,ddsd,ddsc,haircutting,
-1,없음,-1,0,0,0,0,0,0,
11200001,사파이어 이어링,11200001,63,59,51,20,18,15,11200001_C_Sapphire.gltf,11200001_c_sapphire_d.png,11200001_c_sapphire_d.png,Bip01 Spine1,
11200002,작은 별 이어링,11200002,63,59,51,20,18,15,11200002_C_LittleStar.gltf,11200002_c_littlestar_d.png,11200002_c_littlestar_d.png,Bip01 Spine1,
11200003,하트 이어링,11200003,63,59,51,20,18,15,11200003_C_PetitHeart.gltf,11200003_c_petitheart.png,11200003_c_petitheart.png,Bip01 Spine1,
11200011,초급 수비자의 귀고리,11200011,63,59,51,20,18,15,11200001_C_Sapphire.gltf,11200001_c_sapphire_d.png,11200001_c_sapphire_d.png,Bip01 Spine1,
11200013,침투자의 귀고리,11200013,63,59,51,20,18,15,11200001_C_Sapphire.gltf,11200001_c_sapphire_d.png,11200001_c_sapphire_d.png,Bip01 Spine1,
11200014,질주하는 자의 귀고리,11200014,63,59,51,20,18,15,11200002_C_LittleStar.gltf,11200002_c_littlestar_d.png,11200002_c_littlestar_d.png,Bip01 Spine1,
11200018,번개 귀고리,11200018,63,59,51,20,18,15,11200009_C_ERThunder.gltf,11200009_c_erthunder_d.png,11200009_c_erthunder_c.png,Bip01 Spine1,
11200019,캣츠 아이,11200019,63,59,51,20,18,15,11200010_C_ERCatsEye.gltf,11200010_c_ercatseye_d.png,11200010_c_ercatseye_d.png,Bip01 Spine1,
11200020,골드 드롭 이어링,11200020,63,59,51,20,18,15,11200011_C_ERGoldDrop.gltf,11200011_c_ergolddrop_d.png,11200011_c_ergolddrop_d.png,Bip01 Spine1,
11200021,홀리 크로스 이어링,11200021,63,59,51,20,18,15,11200013_C_ERHolyCross.gltf,11200013_c_erholycross_d.png,11200013_c_erholycross_c.png,Bip01 Spine1,
11200022,블루 문,11200022,63,59,51,20,18,15,11200014_C_ERBlueMoon.gltf,11200014_c_erbluemoon_d.png,11200014_c_erbluemoon_d.png,Bip01 Spine1,
11200023,장미꽃 귀고리,11200023,63,59,51,20,18,15,11200016_C_ERRose.gltf,11200016_c_errose_c.png,11200016_c_errose_c.png,Bip01 Spine1,
11200024,실버 링 귀고리,11200024,63,59,51,20,18,15,11200017_C_ERSilverRingEaring.gltf,11200017_c_ersilverringearing_d.png,11200017_c_ersilverringearing_d.png,Bip01 Spine1,
11200025,하프 이어링,11200025,63,59,51,20,18,15,11200019_C_ERHalf.gltf,11200019_c_erhalf_d.png,11200019_c_erhalf_d.png,Bip01 Spine1,
11200026,멈추지 않는 자의 귀고리,11200026,63,59,51,20,18,15,11200020_C_ERAmethystCrossSilver.gltf,11200020_c_eramethystcrosssilver_d.png,11200020_c_eramethystcrossgold_c.png,Bip01 Spine1,
11200027,완벽한 수호자의 귀고리,11200027,63,59,51,20,18,15,11200020_C_ERAmethystCrossGold.gltf,11200020_c_eramethystcrossgold_d.png,11200020_c_eramethystcrossgold_c.png,Bip01 Spine1,
11200029,마크52 오메가의 귀고리,11200027,63,59,51,20,18,15,11200020_C_ERAmethystCrossGold.gltf,11200020_c_eramethystcrossgold_d.png,11200020_c_eramethystcrossgold_c.png,Bip01 Spine1,
11200030,어두운 그림자의 귀고리,11200030,63,59,51,20,18,15,11200010_C_ERCatsEye.gltf,11200010_c_ercatseye_d.png,11200010_c_ercatseye_d.png,Bip01 Spine1,
11200031,앱솔루트 이어링,11200031,63,59,51,20,18,15,11200011_C_ERGoldDrop.gltf,11200011_c_ergolddrop_d.png,11200011_c_ergolddrop_d.png,Bip01 Spine1,
11200032,가벼운 사파이어 이어링,11200001,63,59,51,20,18,15,11200001_C_Sapphire.gltf,11200001_c_sapphire_d.png,11200001_c_sapphire_d.png,Bip01 Spine1,
11200033,가벼운 작은 별 이어링,11200002,63,59,51,20,18,15,11200002_C_LittleStar.gltf,11200002_c_littlestar_d.png,11200002_c_littlestar_d.png,Bip01 Spine1,
11200034,야옹이의 귀고리,11200003,63,59,51,20,18,15,11200003_C_PetitHeart.gltf,11200003_c_petitheart.png,11200003_c_petitheart.png,Bip01 Spine1,
11200035,아르마노의 골드링,11200002,63,59,51,20,18,15,11200002_C_LittleStar.gltf,11200002_c_littlestar_d.png,11200002_c_littlestar_d.png,Bip01 Spine1,
11200036,아르웬의 유리 귀고리,11200001,63,59,51,20,18,15,11200001_C_Sapphire.gltf,11200001_c_sapphire_d.png,11200001_c_sapphire_d.png,Bip01 Spine1,
11200040,로얄 더 이어링,11200018,63,59,51,20,18,15,11200009_C_ERThunder.gltf,11200009_c_erthunder_d.png,11200009_c_erthunder_c.png,Bip01 Spine1,
11200041,레르노스의 귀고리,11200021,63,59,51,20,18,15,11200013_C_ERHolyCross.gltf,11200013_c_erholycross_d.png,11200013_c_erholycross_c.png,Bip01 Spine1,
11200042,파풀라투스의 귀고리,11200042,63,59,51,20,18,15,11200042_C_EAPapulatusEarring.gltf,11200042_c_eapapulatusearring_d.png,11200042_c_eapapulatusearring_d.png,Bip01 Spine1,
11200043,해모칸의 귀고리,11200043,63,59,51,20,18,15,11200043_C_EAHammoKhanEaring.gltf,11200043_c_eahammokhanearing_d.png,11200043_c_eahammokhanearing_d.png,Bip01 Spine1,
11200044,흉포한 귀고리,11200024,63,59,51,20,18,15,11200017_C_ERSilverRingEaring.gltf,11200017_c_ersilverringearing_d.png,11200017_c_ersilverringearing_d.png,Bip01 Spine1,
11200047,귀여운 더키볼 귀고리,11200047,63,59,51,20,18,15,11200047_C_EADuckyBallEvent01.gltf,11200047_c_eaduckyballevent01_d.png,11200047_c_eaduckyballevent01_d.png,Bip01 Spine1,
11200048,시크한 더키볼 귀고리,11200048,63,59,51,20,18,15,11200048_C_EADuckyBallEvent02.gltf,11200048_c_eaduckyballevent02_d.png,11200048_c_eaduckyballevent02_d.png,Bip01 Spine1,
11200049,창피한 더키볼 귀고리,11200049,63,59,51,20,18,15,11200049_C_EADuckyBallEvent03.gltf,11200049_c_eaduckyballevent03_d.png,11200049_c_eaduckyballevent03_d.png,Bip01 Spine1,
11200050,고요한 귀고리,11200020,63,59,51,20,18,15,11200011_C_ERGoldDrop.gltf,11200011_c_ergolddrop_d.png,11200011_c_ergolddrop_d.png,Bip01 Spine1,
11200051,적막한 귀고리,11200021,63,59,51,20,18,15,11200013_C_ERHolyCross.gltf,11200013_c_erholycross_d.png,11200013_c_erholycross_c.png,Bip01 Spine1,
11200052,누타만의 귀고리,11200052,63,59,51,20,18,15,11200052_C_EANuEaring.gltf,11200052_c_eanuearing_d.png,11200052_c_eanuearing_d.png,Bip01 Spine1,
11200053,아련한 그리움의 귀고리,11200001,63,59,51,20,18,15,11200001_C_Sapphire.gltf,11200001_c_sapphire_d.png,11200001_c_sapphire_d.png,Bip01 Spine1,
11200054,이끌림의 고급 귀고리,11200002,63,59,51,20,18,15,11200002_C_LittleStar.gltf,11200002_c_littlestar_d.png,11200002_c_littlestar_d.png,Bip01 Spine1,
11200057,골드 슈아브리체 귀고리,11200057,63,59,51,20,18,15,11200057_F_AngelWingEarCuff.gltf,11200057_c_angelwingearcuff_d.png,11200057_c_angelwingearcuff_c.png,Bip01 Spine1,
11200058,해피 슬라임 이어링,11200058,63,59,51,20,18,15,11200058_F_SlimeEarring.gltf,11200058_c_slimeearring_d.png,11200058_c_slimeearring_c.png,Bip01 Spine1,
11200059,(이벤트) 고급 의식 귀고리,11200002,63,59,51,20,18,15,11200002_C_LittleStar.gltf,11200002_c_littlestar_d.png,11200002_c_littlestar_d.png,Bip01 Spine1,
11200060,침묵하는 귀고리,11200022,63,59,51,20,18,15,11200014_C_ERBlueMoon.gltf,11200014_c_erbluemoon_d.png,11200014_c_erbluemoon_d.png,Bip01 Spine1,
11200061,검은 불꽃의 귀고리,11200026,63,59,51,20,18,15,11200020_C_ERAmethystCrossSilver.gltf,11200020_c_eramethystcrosssilver_d.png,11200020_c_eramethystcrossgold_c.png,Bip01 Spine1,
11200062,희미하게 흉포한 귀고리,11200024,63,59,51,20,18,15,11200017_C_ERSilverRingEaring.gltf,11200017_c_ersilverringearing_d.png,11200017_c_ersilverringearing_d.png,Bip01 Spine1,
11200063,흉포한 귀고리,11200024,63,59,51,20,18,15,11200017_C_ERSilverRingEaring.gltf,11200017_c_ersilverringearing_d.png,11200017_c_ersilverringearing_d.png,Bip01 Spine1,
11200064,마드라칸 군주의 귀고리,11200064,63,59,51,20,18,15,11200064_F_EADarkSteel.gltf,11200064_m_eadarksteel_d.png,11200064_m_eadarksteel_c.png,Bip01 Spine1,
11200065,검증하는 귀고리,11200022,63,59,51,20,18,15,11200014_C_ERBlueMoon.gltf,11200014_c_erbluemoon_d.png,11200014_c_erbluemoon_d.png,Bip01 Spine1,
11200066,품위의 귀고리,11200021,63,59,51,20,18,15,11200013_C_ERHolyCross.gltf,11200013_c_erholycross_d.png,11200013_c_erholycross_c.png,Bip01 Spine1,
11200067,존엄의 귀고리,11200022,63,59,51,20,18,15,11200014_C_ERBlueMoon.gltf,11200014_c_erbluemoon_d.png,11200014_c_erbluemoon_d.png,Bip01 Spine1,
11200068,아련한 그리움의 고급 귀고리,11200001,63,59,51,20,18,15,11200001_C_Sapphire.gltf,11200001_c_sapphire_d.png,11200001_c_sapphire_d.png,Bip01 Spine1,
11200069,케이의 귀고리,11200024,63,59,51,20,18,15,11200017_C_ERSilverRingEaring.gltf,11200017_c_ersilverringearing_d.png,11200017_c_ersilverringearing_d.png,Bip01 Spine1,
11200070,탐욕스런 귀고리,11200024,63,59,51,20,18,15,11200017_C_ERSilverRingEaring.gltf,11200017_c_ersilverringearing_d.png,11200017_c_ersilverringearing_d.png,Bip01 Spine1,
11200071,희미하게 탐욕스런 귀고리,11200024,63,59,51,20,18,15,11200017_C_ERSilverRingEaring.gltf,11200017_c_ersilverringearing_d.png,11200017_c_ersilverringearing_d.png,Bip01 Spine1,
11200072,플루토 이어링,11200072,63,59,51,20,18,15,11200072_F_EALegendary02.gltf,11200072_c_ealegendary02_d.png,11200072_c_ealegendary02_c.png,Bip01 Spine1,
11200073,마르스 이어링,11200073,63,59,51,20,18,15,11200073_F_EALegendary01.gltf,11200073_c_ealegendary01_d.png,11200073_c_ealegendary01_c.png,Bip01 Spine1,
11200074,(길라잡이) 사파이어 이어링,11200001,63,59,51,20,18,15,11200001_C_Sapphire.gltf,11200001_c_sapphire_d.png,11200001_c_sapphire_d.png,Bip01 Spine1,
11200075,(길라잡이) 작은 별 이어링,11200002,63,59,51,20,18,15,11200002_C_LittleStar.gltf,11200002_c_littlestar_d.png,11200002_c_littlestar_d.png,Bip01 Spine1,
11200076,(길라잡이) 하트 이어링,11200003,63,59,51,20,18,15,11200003_C_PetitHeart.gltf,11200003_c_petitheart.png,11200003_c_petitheart.png,Bip01 Spine1,
11200079,(길라잡이) 번개 귀고리,11200018,63,59,51,20,18,15,11200009_C_ERThunder.gltf,11200009_c_erthunder_d.png,11200009_c_erthunder_c.png,Bip01 Spine1,
11200080,(길라잡이) 캣츠 아이,11200019,63,59,51,20,18,15,11200010_C_ERCatsEye.gltf,11200010_c_ercatseye_d.png,11200010_c_ercatseye_d.png,Bip01 Spine1,
11200081,(길라잡이) 골드 드롭 이어링,11200020,63,59,51,20,18,15,11200011_C_ERGoldDrop.gltf,11200011_c_ergolddrop_d.png,11200011_c_ergolddrop_d.png,Bip01 Spine1,
11200082,플루토 이어링,11200072,63,59,51,20,18,15,11200072_F_EALegendary02.gltf,11200072_c_ealegendary02_d.png,11200072_c_ealegendary02_c.png,Bip01 Spine1,
11200083,마르스 이어링,11200073,63,59,51,20,18,15,11200073_F_EALegendary01.gltf,11200073_c_ealegendary01_d.png,11200073_c_ealegendary01_c.png,Bip01 Spine1,
11200084,눈꽃뭉치 귀고리,11200084,230,230,230,150,150,150,11200084_F_EAEskimoWear.gltf,11200084_c_eaeskimowear_d.png,11200084_c_eaeskimowear_c.png,Bip01 Spine1,
11200087,페리오닉 깃털 귀고리,11200087,170,47,47,96,19,19,11200087_F_EATraditionalNative01.gltf,11200087_c_eatraditionalnative01_d.png,11200087_c_eatraditionalnative01_c.png,Bip01 Spine1,
11200089,블랙퓨리티 이어링,11200085,63,59,51,20,18,15,11200085_F_EADarkTutor.gltf,11200085_c_eadarktutor_d.png,11200085_c_eadarktutor_c.png,Bip01 Spine1,
11200091,떠돌이 모험가의 유산 : 골동품 귀고리,11200031,63,59,51,20,18,15,11200011_C_ERGoldDrop.gltf,11200011_c_ergolddrop_d.png,11200011_c_ergolddrop_d.png,Bip01 Spine1,
11200092,센츄리온 레드 티어,11200092,63,59,51,20,18,15,11200092_F_EALegendary02.gltf,11200092_c_ealegendary02_d.png,11200092_c_ealegendary02_c.png,Bip01 Spine1,
11200093,마드라칸 군주의 귀고리,11200064,63,59,51,20,18,15,11200064_F_EADarkSteel.gltf,11200064_m_eadarksteel_d.png,11200064_m_eadarksteel_c.png,Bip01 Spine1,
11200094,타이렌 렌샤 귀고리,11200099,63,59,51,20,18,15,11200099_F_EAGiganTikaA01.gltf,11200099_c_eagigantikaa01_d.png,11200099_c_eagigantikaa01_c.png,Bip01 Spine1,
11200095,게오르크 카이 귀고리,11200100,63,59,51,20,18,15,11200100_F_EAKritias01.gltf,11200100_c_eakritias01_d.png,11200100_c_eakritias01_c.png,Bip01 Spine1,
11200096,타이렌 로열 귀고리,11200088,63,59,51,20,18,15,11200088_F_EALappenshad.gltf,11200088_c_ealappenshad_d.png,11200088_c_ealappenshad_c.png,Bip01 Spine1,
11200097,루미나리에 귀고리 (남),11200097,76,105,181,23,40,79,11200097_M_EALuminous.gltf,11200097_c_ealuminous_d.png,11200097_c_ealuminous_c.png,Bip01 Spine1,
11200098,루미나리에 귀고리 (여),11200098,76,105,181,23,40,79,11200098_F_EALuminous.gltf,11200097_c_ealuminous_d.png,11200097_c_ealuminous_c.png,Bip01 Spine1,
11200101,강화된 품위의 귀고리,11200021,63,59,51,20,18,15,11200013_C_ERHolyCross.gltf,11200013_c_erholycross_d.png,11200013_c_erholycross_c.png,Bip01 Spine1,
11200102,챠밍 스타 이어링,11200102,132,130,120,68,68,65,11200102_F_EASchoolLook01.gltf,11200102_c_easchoollook01_d.png,11200102_c_easchoollook01_c.png,Bip01 Spine1,
11200103,러블리 퀸크빈 귀고리,11200103,63,59,51,20,18,15,11200103_F_EAQueencbean.gltf,11200103_eaqueencbean_d.png,11200103_eaqueencbean_d.png,Bip01 Spine1,
11200104,(PC방) 떠돌이 모험가의 유산 : 골동품 귀고리,11200031,63,59,51,20,18,15,11200011_C_ERGoldDrop.gltf,11200011_c_ergolddrop_d.png,11200011_c_ergolddrop_d.png,Bip01 Spine1,
11200105,파이어 프리즘 귀고리,11200105,63,59,51,20,18,15,11200105_F_EAFirePrism.gltf,11200105_c_eafireprism_d.png,11200105_c_eafireprism_c.png,Bip01 Spine1,
11200106,낡은 투기장의 귀고리,11200021,63,59,51,20,18,15,11200013_C_ERHolyCross.gltf,11200013_c_erholycross_d.png,11200013_c_erholycross_c.png,Bip01 Spine1,
11200107,블루 스톤 귀고리,11200001,63,59,51,20,18,15,11200001_C_Sapphire.gltf,11200001_c_sapphire_d.png,11200001_c_sapphire_d.png,Bip01 Spine1,
11200108,크리스탈 샤인드 귀고리,11200053,63,59,51,20,18,15,11200053_F_EACrystalShine.gltf,11200053_c_eacrystalshine_d.png,11200053_c_eacrystalshine_c.png,Bip01 Spine1,
11220001,팬시 고딕 하트 이어링 (남),11250190,170,47,47,96,19,19,11250190_M_EAGothic02.gltf,11250190_c_eagothic02_d.png,11250190_c_eagothic02_c.png,Bip01 Spine1,
11220002,팬시 고딕 하트 이어링 (여),11250191,170,47,47,96,19,19,11250191_F_EAGothic02.gltf,11250190_c_eagothic02_d.png,11250190_c_eagothic02_c.png,Bip01 Spine1,
11220003,다크캣 펑키 교복 귀고리 (남),11250195,132,130,120,68,68,65,11250195_M_EASchoolLook02.gltf,11250195_c_easchoollook02_d.png,11250195_c_easchoollook02_c.png,Bip01 Spine1,
11220004,다크캣 펑키 교복 귀고리 (여),11250196,132,130,120,68,68,65,11250196_F_EASchoolLook02.gltf,11250195_c_easchoollook02_d.png,11250195_c_easchoollook02_c.png,Bip01 Spine1,
11220005,팬시 고딕 하트 이어링 (남),11250190,170,47,47,96,19,19,11250190_M_EAGothic02.gltf,11250190_c_eagothic02_d.png,11250190_c_eagothic02_c.png,Bip01 Spine1,
11220006,팬시 고딕 하트 이어링 (여),11250191,170,47,47,96,19,19,11250191_F_EAGothic02.gltf,11250190_c_eagothic02_d.png,11250190_c_eagothic02_c.png,Bip01 Spine1,
11220007,유니콘 챔피언 이어링 (남),11250179,255,168,203,205,86,106,11250179_M_EAUnicorn01.gltf,11250179_c_eaunicorn01_d.png,11250179_c_eaunicorn01_c.png,Bip01 Spine1,
11220008,유니콘 챔피언 이어링 (여),11250180,255,168,203,205,86,106,11250180_F_EAUnicorn01.gltf,11250179_c_eaunicorn01_d.png,11250179_c_eaunicorn01_c.png,Bip01 Spine1,
11220009,스노우 테일 이어링 (남),11250109,76,105,181,23,40,79,11250109_M_EAFrozen02.gltf,11250109_c_eafrozen02_d.png,11250109_c_eafrozen02_c.png,Bip01 Spine1,
11220010,스노우 테일 이어링 (여),11250110,76,105,181,23,40,79,11250110_F_EAFrozen02.gltf,11250109_c_eafrozen02_d.png,11250109_c_eafrozen02_c.png,Bip01 Spine1,
11220013,메리메리 크리스마스 귀고리 (남),11250039,170,47,47,96,19,19,11250039_M_EAChristmas01.gltf,11250039_c_eachristmas01_d.png,11250039_c_eachristmas01_c.png,Bip01 Spine1,
11220014,메리메리 크리스마스 귀고리 (여),11250040,170,47,47,96,19,19,11250039_F_EAChristmas01.gltf,11250039_c_eachristmas01_d.png,11250039_c_eachristmas01_c.png,Bip01 Spine1,
11220017,프로즌 크리스탈 이어링 (남),11250021,63,59,51,20,18,15,11250021_C_EAFrozenCrystal.gltf,11250021_c_eafrozencrystal_d.png,11250021_c_eafrozencrystal_d.png,Bip01 Spine1,
11220018,프로즌 크리스탈 이어링 (여),11250021,63,59,51,20,18,15,11250021_C_EAFrozenCrystal.gltf,11250021_c_eafrozencrystal_d.png,11250021_c_eafrozencrystal_d.png,Bip01 Spine1,
11220019,모던 한복 귀고리 (남),11220019,170,47,47,96,19,19,11220019_M_EAHanbok04.gltf,11220019_c_eahanbok04_d.png,11220019_c_eahanbok04_c.png,Bip01 Spine1,
11220020,모던 한복 귀고리 (여),11220020,170,47,47,96,19,19,11220020_F_EAHanbok04.gltf,11220019_c_eahanbok04_d.png,11220019_c_eahanbok04_c.png,Bip01 Spine1,
11220021,은하수 별빛 이어링 (남),11250092,244,189,88,163,121,39,11250092_M_EAGalaxyFox.gltf,11250092_c_eagalaxyfox_d.png,11250092_c_eagalaxyfox_c.png,Bip01 Spine1,
11220022,은하수 별빛 이어링 (여),11250093,244,189,88,163,121,39,11250093_F_EAGalaxyFox.gltf,11250092_c_eagalaxyfox_d.png,11250092_c_eagalaxyfox_c.png,Bip01 Spine1,
11220023,발렌타인 하트 귀고리 (남),11220023,170,47,47,96,19,19,11250214_M_EAValentine04.gltf,11250214_c_eavalentine04_d.png,11250214_c_eavalentine04_c.png,Bip01 Spine1,
11220024,발렌타인 하트 귀고리 (여),11220024,170,47,47,96,19,19,11250215_F_EAValentine04.gltf,11250214_c_eavalentine04_d.png,11250214_c_eavalentine04_c.png,Bip01 Spine1,
11220025,스칼렛 다이아 이어링 (남),11250044,170,47,47,96,19,19,11250044_M_EAValentine01.gltf,11250044_c_eavalentine01_d.png,11250044_c_eavalentine01_c.png,Bip01 Spine1,
11220026,스칼렛 다이아 이어링 (여),11250044,170,47,47,96,19,19,11250045_F_EAValentine01.gltf,11250044_c_eavalentine01_d.png,11250044_c_eavalentine01_c.png,Bip01 Spine1,
11220027,코튼 캔디 스타 이어링 (남),11220027,255,168,203,205,86,106,11220027_M_EAPajamas02_D.gltf,11220027_c_eapajamas02_d.png,11220027_c_eapajamas02_c.png,Bip01 Spine1,
11220028,코튼 캔디 스타 이어링 (여),11220028,255,168,203,205,86,106,11220027_M_EAPajamas02_D.gltf,11220027_c_eapajamas02_d.png,11220027_c_eapajamas02_c.png,Bip01 Spine1,
11220029,키튼 방울 이어링 (남),11250103,244,189,88,163,121,39,11250103_M_EAMaid01.gltf,11250103_c_eamaid01_d.png,11250103_c_eamaid01_c.png,Bip01 Spine1,
11220030,키튼 방울 이어링 (여),11250104,244,189,88,163,121,39,11250104_F_EAMaid01.gltf,11250103_c_eamaid01_d.png,11250103_c_eamaid01_c.png,Bip01 Spine1,
11220031,해피 멜로디 이어링 (남),11220031,239,112,145,153,66,82,11220031_M_EAIdol02.gltf,11220031_c_eaidol02_d.png,11220031_c_eaidol02_c.png,Bip01 Spine1,
11220032,해피 멜로디 이어링 (여),11220032,239,112,145,153,66,82,11220032_F_EAIdol02.gltf,11220031_c_eaidol02_d.png,11220031_c_eaidol02_c.png,Bip01 Spine1,
11220033,큐트 블러썸 이어링 (남),11250085,180,165,248,108,96,176,11250085_M_EAGreenDay01.gltf,11250085_c_eagreenday01_d.png,11250085_c_eagreenday01_c.png,Bip01 Spine1,
11220034,큐트 블러썸 이어링 (여),11250085,180,165,248,108,96,176,11250086_F_EAGreenDay01.gltf,11250085_c_eagreenday01_d.png,11250085_c_eagreenday01_c.png,Bip01 Spine1,
11220035,살랑 나비 귀고리 (남),11250188,244,189,88,163,121,39,11250188_M_EAGentlyButterfly.gltf,11250188_c_eagentlybutterfly_d.png,11250188_c_eagentlybutterfly_c.png,Bip01 Spine1,
11220036,살랑 나비 귀고리 (여),11250189,244,189,88,163,121,39,11250189_F_EAGentlyButterfly.gltf,11250188_c_eagentlybutterfly_d.png,11250188_c_eagentlybutterfly_c.png,Bip01 Spine1,
11220037,바니 플라워 로즈 이어링 (남),11250125,126,204,247,72,94,168,11250125_M_EAFlowerRabbit.gltf,11250125_c_eaflowerrabbit_d.png,11250125_c_eaflowerrabbit_c.png,Bip01 Spine1,
11220038,바니 플라워 로즈 이어링 (여),11250126,239,112,145,153,66,82,11250126_F_EAFlowerRabbit.gltf,11250125_c_eaflowerrabbit_d.png,11250125_c_eaflowerrabbit_c.png,Bip01 Spine1,
11220041,웨딩 로즈 이어링 (남),11250022,230,230,230,150,150,150,11250022_C_EAWedding.gltf,11250022_c_eawedding_d.png,11250022_c_eawedding_c.png,Bip01 Spine1,
11220042,웨딩 로즈 이어링 (여),11250032,230,230,230,150,150,150,11250022_C_EAWedding.gltf,11250022_c_eawedding_d.png,11250022_c_eawedding_c.png,Bip01 Spine1,
11220043,하트 메탈릭 이어링 (남),11220043,63,59,51,20,18,15,11220043_M_EAIdol04.gltf,11220043_c_eaidol04_d.png,11220043_c_eaidol04_c.png,Bip01 Spine1,
11220044,하트 메탈릭 이어링 (여),11220044,63,59,51,20,18,15,11220044_F_EAIdol04.gltf,11220043_c_eaidol04_d.png,11220043_c_eaidol04_c.png,Bip01 Spine1,
11220045,코튼 캔디 스타 이어링 (남),11220027,255,168,203,205,86,106,11220027_M_EAPajamas02_D.gltf,11220027_c_eapajamas02_d.png,11220027_c_eapajamas02_c.png,Bip01 Spine1,
11220046,코튼 캔디 스타 이어링 (여),11220028,255,168,203,205,86,106,11220027_M_EAPajamas02_D.gltf,11220027_c_eapajamas02_d.png,11220027_c_eapajamas02_c.png,Bip01 Spine1,
11220048,팡팡 피에로 귀고리 (여),11220048,133,81,165,53,42,71,11220048_F_EAMagician02.gltf,11220047_c_eamagician02_d.png,11220047_c_eamagician02_c.png,Bip01 Spine1,
11220049,큐티 꼬마곰 젤리 이어링 (남),11250129,244,189,88,163,121,39,11250129_M_EAChildren01.gltf,11250129_c_eachildren01_d.png,11250129_c_eachildren01_c.png,Bip01 Spine1,
11220050,큐티 꼬마곰 젤리 이어링 (여),11250130,244,189,88,163,121,39,11250130_F_EAChildren01.gltf,11250129_c_eachildren01_d.png,11250129_c_eachildren01_c.png,Bip01 Spine1,
11220051,달콤한 체리 아이스크림 이어링 (남),11220051,180,165,248,108,96,176,11220051_M_EAFood02.gltf,11220051_c_eafood02_d.png,11220051_c_eafood02_c.png,Bip01 Spine1,
11220052,달콤한 체리 아이스크림 이어링 (여),11220051,180,165,248,108,96,176,11220052_F_EAFood02.gltf,11220051_c_eafood02_d.png,11220051_c_eafood02_c.png,Bip01 Spine1,
11220053,나비 군주 귀고리 (남),11220053,170,47,47,96,19,19,11250175_M_EABlackButterfly.gltf,11250175_c_eablackbutterfly_d.png,11250175_c_eablackbutterfly_c.png,Bip01 Spine1,
11220054,나비 군주 귀고리 (여),11220054,170,47,47,96,19,19,11250176_F_EABlackButterfly.gltf,11250175_c_eablackbutterfly_d.png,11250175_c_eablackbutterfly_c.png,Bip01 Spine1,
11220055,갈매기 해적단 귀고리 (남),11220055,244,189,88,163,121,39,11220055_M_EAMarine03.gltf,11220055_c_eamarine03_d.png,11220055_c_eamarine03_c.png,Bip01 Spine1,
11220056,갈매기 해적단 귀고리 (여),11220056,244,189,88,163,121,39,11220056_F_EAMarine03.gltf,11220055_c_eamarine03_d.png,11220055_c_eamarine03_c.png,Bip01 Spine1,
11220057,펑키 카우보이 스타 이어링 (남),11250100,244,189,88,163,121,39,11250100_M_EACowPuncher.gltf,11250100_c_eacowpuncher_d.png,11250100_c_eacowpuncher_c.png,Bip01 Spine1,
11220058,펑키 카우보이 스타 이어링 (여),11250101,244,189,88,163,121,39,11250101_F_EACowPuncher.gltf,11250100_c_eacowpuncher_d.png,11250100_c_eacowpuncher_c.png,Bip01 Spine1,
11220059,스트리트 래퍼 귀고리 (남),11220059,244,189,88,163,121,39,11220059_M_EAIdol03.gltf,11220059_c_eaidol03_d.png,11220059_c_eaidol03_c.png,Bip01 Spine1,
11220060,스트리트 래퍼 귀고리 (여),11220060,244,189,88,163,121,39,11220060_F_EAIdol03.gltf,11220059_c_eaidol03_d.png,11220059_c_eaidol03_c.png,Bip01 Spine1,
11220061,우주비행사 행성 귀고리 (남),11250131,244,189,88,163,121,39,11250131_M_EASpaceSuit01.gltf,11250131_c_easpacesuit01_d.png,11250131_c_easpacesuit01_c.png,Bip01 Spine1,
11220062,우주비행사 행성 귀고리 (여),11250132,244,189,88,163,121,39,11250132_F_EASpaceSuit01.gltf,11250131_c_easpacesuit01_d.png,11250131_c_easpacesuit01_c.png,Bip01 Spine1,
11220063,푸른 바다 소년 귀고리 (남),11220063,170,47,47,96,19,19,11220063_M_EAMarine04.gltf,11220063_c_eamarine04_d.png,11220063_c_eamarine04_c.png,Bip01 Spine1,
11220064,푸른 바다 소녀 귀고리 (여),11220064,170,47,47,96,19,19,11220064_F_EAIMarine04.gltf,11220063_c_eamarine04_d.png,11220063_c_eamarine04_c.png,Bip01 Spine1,
11220065,트로피컬 체리 이어링 (남),11250133,194,209,96,64,104,54,11250133_M_EAResortWear.gltf,11250133_c_earesortwear_d.png,11250133_c_earesortwear_c.png,Bip01 Spine1,
11220066,트로피컬 체리 이어링 (여),11250134,170,47,47,96,19,19,11250134_F_EAResortWear.gltf,11250133_c_earesortwear_d.png,11250133_c_earesortwear_c.png,Bip01 Spine1,
11220067,프레쉬 썸머 이어링 (남),11220067,147,226,242,89,153,165,11220067_M_EASwim06.gltf,11220067_c_easwim06_d.png,11220067_c_easwim06_c.png,Bip01 Spine1,
11220068,프레쉬 썸머 이어링 (여),11220068,147,226,242,89,153,165,11220068_F_EASwim06.gltf,11220067_c_easwim06_d.png,11220067_c_easwim06_c.png,Bip01 Spine1,
11220069,쿨링쿨링 마린 이어링 (남),11250098,244,189,88,163,121,39,11250098_M_EAMarine02.gltf,11250098_c_eamarine02_d.png,11250098_c_eamarine02_c.png,Bip01 Spine1,
11220070,쿨링쿨링 마린 이어링 (여),11250099,244,189,88,163,121,39,11250099_F_EAMarine02.gltf,11250098_c_eamarine02_d.png,11250098_c_eamarine02_c.png,Bip01 Spine1,
11220073,이프리트 크리스탈 이어링 (남),11250024,63,59,51,20,18,15,11250024_C_EAIfritBlack.gltf,11250024_c_eaifritblack_d.png,11250024_c_eaifritblack_d.png,Bip01 Spine1,
11220074,이프리트 크리스탈 이어링 (여),11250026,63,59,51,20,18,15,11250024_C_EAIfritBlack.gltf,11250024_c_eaifritblack_d.png,11250024_c_eaifritblack_d.png,Bip01 Spine1,
11220077,마법학교 수련생 귀고리 (남),11250121,76,105,181,23,40,79,11250121_M_EAMagicalSchool.gltf,11250121_c_eamagicalschool_d.png,11250121_c_eamagicalschool_c.png,Bip01 Spine1,
11220078,마법학교 수련생 귀고리 (여),11250122,76,105,181,23,40,79,11250122_F_EAMagicalSchool.gltf,11250121_c_eamagicalschool_d.png,11250121_c_eamagicalschool_c.png,Bip01 Spine1,
11220081,크리스탈 드롭 귀고리 (남),11250074,180,165,248,108,96,176,11250074_M_EARococo01.gltf,11250074_m_earococo01_d.png,11250074_m_earococo01_c.png,Bip01 Spine1,
11220082,크리스탈 꽃 귀고리 (여),11250075,180,165,248,108,96,176,11250075_F_EARococo01.gltf,11250075_f_earococo01_d.png,11250075_f_earococo01_c.png,Bip01 Spine1,
11220083,스위트 컵케이크 이어링 (남),11220083,239,112,145,153,66,82,11220083_M_EAFood01.gltf,11220083_c_eafood01_d.png,11220083_c_eafood01_c.png,Bip01 Spine1,
11220084,스위트 컵케이크 이어링 (여),11220084,239,112,145,153,66,82,11220084_F_EAFood01.gltf,11220083_c_eafood01_d.png,11220083_c_eafood01_c.png,Bip01 Spine1,
11220085,트라이아 궁중 셰프 귀고리 (남),11250181,63,59,51,20,18,15,11250181_M_EACook02.gltf,11250181_c_eacook02_d.png,11250181_c_eacook02_d.png,Bip01 Spine1,
11220086,트라이아 궁중 셰프 귀고리 (여),11250182,63,59,51,20,18,15,11250182_F_EACook02.gltf,11250181_c_eacook02_d.png,11250181_c_eacook02_d.png,Bip01 Spine1,
11220089,고딕 비쥬 이어링 (남),11250023,63,59,51,20,18,15,11250023_C_EAGothic.gltf,11250023_c_eagothic_d.png,11250023_c_eagothic_c.png,Bip01 Spine1,
11220090,고딕 비쥬 이어링 (여),11250025,63,59,51,20,18,15,11250023_C_EAGothic.gltf,11250023_c_eagothic_d.png,11250023_c_eagothic_c.png,Bip01 Spine1,
11220091,펌킨 할로 캔디 이어링 (남),11220091,249,137,77,147,60,20,11220091_M_EAHalloween06.gltf,11220091_c_eahalloween06_d.png,11220091_c_eahalloween06_c.png,Bip01 Spine1,
11220092,펌킨 할로 캔디 이어링 (여),11220091,249,137,77,147,60,20,11220092_F_EAHalloween06.gltf,11220091_c_eahalloween06_d.png,11220091_c_eahalloween06_c.png,Bip01 Spine1,
11220093,헬 크로스 이어링 (남),11250027,170,47,47,96,19,19,11250027_M_EAVampire.gltf,11250027_c_eavampire_d.png,11250027_c_eavampire_c.png,Bip01 Spine1,
11220094,헬 크로스 이어링 (여),11250037,170,47,47,96,19,19,11250027_F_EAVampire.gltf,11250027_c_eavampire_d.png,11250027_c_eavampire_c.png,Bip01 Spine1,
11220095,우주비행사 행성 귀고리 (남),11250131,244,189,88,163,121,39,11250131_M_EASpaceSuit01.gltf,11250131_c_easpacesuit01_d.png,11250131_c_easpacesuit01_c.png,Bip01 Spine1,
11220096,우주비행사 행성 귀고리 (여),11250132,244,189,88,163,121,39,11250132_F_EASpaceSuit01.gltf,11250131_c_easpacesuit01_d.png,11250131_c_easpacesuit01_c.png,Bip01 Spine1,
11220097,큐티 꼬마곰 젤리 이어링 (남),11250129,244,189,88,163,121,39,11250129_M_EAChildren01.gltf,11250129_c_eachildren01_d.png,11250129_c_eachildren01_c.png,Bip01 Spine1,
11220098,큐티 꼬마곰 젤리 이어링 (여),11250130,244,189,88,163,121,39,11250130_F_EAChildren01.gltf,11250129_c_eachildren01_d.png,11250129_c_eachildren01_c.png,Bip01 Spine1,
11220099,고딕 비쥬 이어링 (남),11250023,63,59,51,20,18,15,11250023_C_EAGothic.gltf,11250023_c_eagothic_d.png,11250023_c_eagothic_c.png,Bip01 Spine1,
11220100,고딕 비쥬 이어링 (여),11250025,63,59,51,20,18,15,11250023_C_EAGothic.gltf,11250023_c_eagothic_d.png,11250023_c_eagothic_c.png,Bip01 Spine1,
11220101,해피 크리스마스 선물 상자 귀고리 (남),11220101,119,147,68,32,51,30,11250192_M_EAChristmas03.gltf,11250192_c_eachristmas03_d.png,11250192_c_eachristmas03_c.png,Bip01 Spine1,
11220102,해피 크리스마스 선물 상자 귀고리 (여),11220102,119,147,68,32,51,30,11250192_F_EAChristmas03.gltf,11250192_c_eachristmas03_d.png,11250192_c_eachristmas03_c.png,Bip01 Spine1,
11220103,푸른 바다 소년 귀고리 (남),11220063,170,47,47,96,19,19,11220063_M_EAMarine04.gltf,11220063_c_eamarine04_d.png,11220063_c_eamarine04_c.png,Bip01 Spine1,
11220104,푸른 바다 소녀 귀고리 (여),11220064,170,47,47,96,19,19,11220064_F_EAIMarine04.gltf,11220063_c_eamarine04_d.png,11220063_c_eamarine04_c.png,Bip01 Spine1,
11220105,펌킨 할로 캔디 이어링 (남),11220091,249,137,77,147,60,20,11220091_M_EAHalloween06.gltf,11220091_c_eahalloween06_d.png,11220091_c_eahalloween06_c.png,Bip01 Spine1,
11220106,펌킨 할로 캔디 이어링 (여),11220091,249,137,77,147,60,20,11220092_F_EAHalloween06.gltf,11220091_c_eahalloween06_d.png,11220091_c_eahalloween06_c.png,Bip01 Spine1,
11220107,닥터 하트 알약 귀고리 (남),11250197,170,47,47,96,19,19,11250197_M_EAHospital01.gltf,11250197_c_eahospital01_d.png,11250197_c_eahospital01_c.png,Bip01 Spine1,
11220108,닥터 하트 알약 귀고리 (여),11250198,170,47,47,96,19,19,11250198_F_EAHospital01.gltf,11250197_c_eahospital01_d.png,11250197_c_eahospital01_c.png,Bip01 Spine1,
11220109,은하수 별빛 이어링 (남),11250092,244,189,88,163,121,39,11250092_M_EAGalaxyFox.gltf,11250092_c_eagalaxyfox_d.png,11250092_c_eagalaxyfox_c.png,Bip01 Spine1,
11220110,은하수 별빛 이어링 (여),11250093,244,189,88,163,121,39,11250093_F_EAGalaxyFox.gltf,11250092_c_eagalaxyfox_d.png,11250092_c_eagalaxyfox_c.png,Bip01 Spine1,
11220111,해피 크리스마스 선물 상자 귀고리 (남),11220101,119,147,68,32,51,30,11250192_M_EAChristmas03.gltf,11250192_c_eachristmas03_d.png,11250192_c_eachristmas03_c.png,Bip01 Spine1,
11220112,해피 크리스마스 선물 상자 귀고리 (여),11220102,119,147,68,32,51,30,11250192_F_EAChristmas03.gltf,11250192_c_eachristmas03_d.png,11250192_c_eachristmas03_c.png,Bip01 Spine1,
11220113,챠밍 스타 이어링 (남),11200102,132,130,120,68,68,65,11200102_F_EASchoolLook01.gltf,11200102_c_easchoollook01_d.png,11200102_c_easchoollook01_c.png,Bip01 Spine1,
11220114,챠밍 스타 이어링 (여),11200102,132,130,120,68,68,65,11200102_F_EASchoolLook01.gltf,11200102_c_easchoollook01_d.png,11200102_c_easchoollook01_c.png,Bip01 Spine1,
11220115,트라이아 궁중 화가 귀고리 (남),11220115,76,105,181,23,40,79,11250202_M_EAArtist01.gltf,11250202_c_eaartist01_d.png,11250202_c_eaartist01_c.png,Bip01 Spine1,
11220116,트라이아 궁중 화가 귀고리 (여),11220116,76,105,181,23,40,79,11250203_F_EAArtist01.gltf,11250202_c_eaartist01_d.png,11250202_c_eaartist01_c.png,Bip01 Spine1,
11220117,정열의 별빛 귀고리 (남),11250138,132,130,120,68,68,65,11250138_M_EATraditionalNative02.gltf,11250138_m_eatraditionalnative02_d.png,11250138_m_eatraditionalnative02_c.png,Bip01 Spine1,
11220118,정열의 물방울 귀고리 (여),11250139,170,47,47,96,19,19,11250139_F_EATraditionalNative02.gltf,11250139_f_eatraditionalnative02_d.png,11250139_f_eatraditionalnative02_c.png,Bip01 Spine1,
11220119,챠밍 스타 이어링 (남),11200102,132,130,120,68,68,65,11200102_F_EASchoolLook01.gltf,11200102_c_easchoollook01_d.png,11200102_c_easchoollook01_c.png,Bip01 Spine1,
11220120,챠밍 스타 이어링 (여),11200102,132,130,120,68,68,65,11200102_F_EASchoolLook01.gltf,11200102_c_easchoollook01_d.png,11200102_c_easchoollook01_c.png,Bip01 Spine1,
11220121,프로즌 크리스탈 이어링 (남),11250021,63,59,51,20,18,15,11250021_C_EAFrozenCrystal.gltf,11250021_c_eafrozencrystal_d.png,11250021_c_eafrozencrystal_d.png,Bip01 Spine1,
11220122,프로즌 크리스탈 이어링 (여),11250021,63,59,51,20,18,15,11250021_C_EAFrozenCrystal.gltf,11250021_c_eafrozencrystal_d.png,11250021_c_eafrozencrystal_d.png,Bip01 Spine1,
11220123,스노우 테일 이어링 (남),11250109,76,105,181,23,40,79,11250109_M_EAFrozen02.gltf,11250109_c_eafrozen02_d.png,11250109_c_eafrozen02_c.png,Bip01 Spine1,
11220124,스노우 테일 이어링 (여),11250110,76,105,181,23,40,79,11250110_F_EAFrozen02.gltf,11250109_c_eafrozen02_d.png,11250109_c_eafrozen02_c.png,Bip01 Spine1,
11220125,썬플라워 이어링 (남),11250091,63,59,51,20,18,15,11250091_F_EAPicnic01.gltf,11250091_c_eapicnic01_d.png,11250091_c_eapicnic01_d.png,Bip01 Spine1,
11220126,썬플라워 이어링 (여),11250091,63,59,51,20,18,15,11250091_F_EAPicnic01.gltf,11250091_c_eapicnic01_d.png,11250091_c_eapicnic01_d.png,Bip01 Spine1,
11220127,고딕 비쥬 이어링 (남),11250023,63,59,51,20,18,15,11250023_C_EAGothic.gltf,11250023_c_eagothic_d.png,11250023_c_eagothic_c.png,Bip01 Spine1,
11220128,고딕 비쥬 이어링 (여),11250025,63,59,51,20,18,15,11250023_C_EAGothic.gltf,11250023_c_eagothic_d.png,11250023_c_eagothic_c.png,Bip01 Spine1,
11220131,발렌타인 하트 귀고리 (남),11220023,170,47,47,96,19,19,11250214_M_EAValentine04.gltf,11250214_c_eavalentine04_d.png,11250214_c_eavalentine04_c.png,Bip01 Spine1,
11220132,발렌타인 하트 귀고리 (여),11220024,170,47,47,96,19,19,11250215_F_EAValentine04.gltf,11250214_c_eavalentine04_d.png,11250214_c_eavalentine04_c.png,Bip01 Spine1,
11220133,스트리트 훕 이어링 (남),11220133,132,130,120,68,68,65,11250193_M_EASports03.gltf,11250193_c_easports03_d.png,11250193_c_easports03_c.png,Bip01 Spine1,
11220134,스트리트 훕 이어링 (여),11220134,132,130,120,68,68,65,11250194_F_EASports03.gltf,11250193_c_easports03_d.png,11250193_c_easports03_c.png,Bip01 Spine1,
11220135,블링 스타 이어링 (남),11200055,244,189,88,163,121,39,11200055_F_StarCubicEarring.gltf,11200055_c_starcubicearring_d.png,11200055_c_starcubicearring_c.png,Bip01 Spine1,
11220136,블링 스타 이어링 (여),11200055,244,189,88,163,121,39,11200055_F_StarCubicEarring.gltf,11200055_c_starcubicearring_d.png,11200055_c_starcubicearring_c.png,Bip01 Spine1,
11220137,챠밍 스타 이어링 (남),11200102,132,130,120,68,68,65,11200102_F_EASchoolLook01.gltf,11200102_c_easchoollook01_d.png,11200102_c_easchoollook01_c.png,Bip01 Spine1,
11220138,챠밍 스타 이어링 (여),11200102,132,130,120,68,68,65,11200102_F_EASchoolLook01.gltf,11200102_c_easchoollook01_d.png,11200102_c_easchoollook01_c.png,Bip01 Spine1,
11220139,스위트 컵케이크 이어링 (남),11220083,239,112,145,153,66,82,11220083_M_EAFood01.gltf,11220083_c_eafood01_d.png,11220083_c_eafood01_c.png,Bip01 Spine1,
11220140,스위트 컵케이크 이어링 (여),11220084,239,112,145,153,66,82,11220084_F_EAFood01.gltf,11220083_c_eafood01_d.png,11220083_c_eafood01_c.png,Bip01 Spine1,
11220141,용감한 더키 소방대원 귀걸이 (남),11200028,170,47,47,96,19,19,11200028_M_EAFireFighter01.gltf,11200028_c_eafirefighter01_d.png,11200028_c_eafirefighter01_c.png,Bip01 Spine1,
11220142,용감한 더키 소방대원 귀걸이 (여),11200028,170,47,47,96,19,19,11200029_F_EAFireFighter01.gltf,11200028_c_eafirefighter01_d.png,11200028_c_eafirefighter01_c.png,Bip01 Spine1,
11220143,코튼 캔디 스타 이어링 (남),11220027,255,168,203,205,86,106,11220027_M_EAPajamas02_D.gltf,11220027_c_eapajamas02_d.png,11220027_c_eapajamas02_c.png,Bip01 Spine1,
11220144,코튼 캔디 스타 이어링 (여),11220028,255,168,203,205,86,106,11220027_M_EAPajamas02_D.gltf,11220027_c_eapajamas02_d.png,11220027_c_eapajamas02_c.png,Bip01 Spine1,
11220186,체인 비대칭 귀고리 (남),11250186,132,130,120,68,68,65,11250186_M_AsymmetryChain.gltf,11250186_c_asymmetrychain_d.png,11250186_c_asymmetrychain_c.png,Bip01 Spine1,
11220187,체인 비대칭 귀고리 (여),11250187,132,130,120,68,68,65,11250187_F_AsymmetryChain.gltf,11250186_c_asymmetrychain_d.png,11250186_c_asymmetrychain_c.png,Bip01 Spine1,
11220199,러블리 하트 이어링 (남),11250014,63,59,51,20,18,15,11200003_C_PetitHeart.gltf,11200003_c_petitheart.png,11200003_c_petitheart.png,Bip01 Spine1,
11220200,러블리 하트 이어링 (여),11250014,63,59,51,20,18,15,11200003_C_PetitHeart.gltf,11200003_c_petitheart.png,11200003_c_petitheart.png,Bip01 Spine1,
11220219,살랑 벚꽃 귀고리 (남),11250136,255,168,203,205,86,106,11250136_F_CherryBlossoms.gltf,11250136_c_cherryblossoms_d.png,11250136_c_cherryblossoms_c.png,Bip01 Spine1,
11220220,살랑 벚꽃 귀고리 (여),11250136,255,168,203,205,86,106,11250136_F_CherryBlossoms.gltf,11250136_c_cherryblossoms_d.png,11250136_c_cherryblossoms_c.png,Bip01 Spine1,
11220221,살랑 벚꽃 귀고리 (남),11250136,255,168,203,205,86,106,11250136_F_CherryBlossoms.gltf,11250136_c_cherryblossoms_d.png,11250136_c_cherryblossoms_c.png,Bip01 Spine1,
11220222,살랑 벚꽃 귀고리 (여),11250136,255,168,203,205,86,106,11250136_F_CherryBlossoms.gltf,11250136_c_cherryblossoms_d.png,11250136_c_cherryblossoms_c.png,Bip01 Spine1,
11220231,페어리 메탈 이어링 (남),11250137,147,226,242,89,153,165,11250137_F_FairyJewel.gltf,11250137_c_fairyjewel_d.png,11250137_c_fairyjewel_c.png,Bip01 Spine1,
11220232,페어리 메탈 이어링 (여),11250137,147,226,242,89,153,165,11250137_F_FairyJewel.gltf,11250137_c_fairyjewel_d.png,11250137_c_fairyjewel_c.png,Bip01 Spine1,
11220271,보석 조개 귀고리 (남),11250177,147,226,242,89,153,165,11250177_M_EAOrdinary02.gltf,11250177_c_eaordinary02_d.png,11250177_c_eaordinary02_c.png,Bip01 Spine1,
11220272,보석 조개 귀고리 (여),11250178,147,226,242,89,153,165,11250177_F_EAOrdinary02.gltf,11250177_c_eaordinary02_d.png,11250177_c_eaordinary02_c.png,Bip01 Spine1,
11220273,보석 조개 귀고리 (남),11250177,147,226,242,89,153,165,11250177_M_EAOrdinary02.gltf,11250177_c_eaordinary02_d.png,11250177_c_eaordinary02_c.png,Bip01 Spine1,
11220274,보석 조개 귀고리 (여),11250178,147,226,242,89,153,165,11250177_F_EAOrdinary02.gltf,11250177_c_eaordinary02_d.png,11250177_c_eaordinary02_c.png,Bip01 Spine1,
11220311,로열 다크니스 이어링 (남),11250183,170,47,47,96,19,19,11250183_M_EADarkFantasy.gltf,11250183_c_eadarkfantasy_d.png,11250183_c_eadarkfantasy_c.png,Bip01 Spine1,
11220312,로열 다크니스 이어링 (여),11250184,170,47,47,96,19,19,11250184_F_EADarkFantasy.gltf,11250183_c_eadarkfantasy_d.png,11250183_c_eadarkfantasy_c.png,Bip01 Spine1,
11220317,로열 윈터 이어링 (남),11250204,62,73,117,27,26,48,11250204_M_MiddleAges01.gltf,11250204_c_eamiddleages01_d.png,11250204_c_eamiddleages01_c.png,Bip01 Spine1,
11220318,로열 윈터 이어링 (여),11250205,62,73,117,27,26,48,11250205_F_MiddleAges01.gltf,11250204_c_eamiddleages01_d.png,11250204_c_eamiddleages01_c.png,Bip01 Spine1,
11220319,로열 윈터 이어링 (남),11250204,62,73,117,27,26,48,11250204_M_MiddleAges01.gltf,11250204_c_eamiddleages01_d.png,11250204_c_eamiddleages01_c.png,Bip01 Spine1,
11220320,로열 윈터 이어링 (여),11250205,62,73,117,27,26,48,11250205_F_MiddleAges01.gltf,11250204_c_eamiddleages01_d.png,11250204_c_eamiddleages01_c.png,Bip01 Spine1,
11220349,빛나는 군악대 귀고리 (남),11220349,76,105,181,23,40,79,11220349_M_EABand01.gltf,11220349_c_eaband01_d.png,11220349_c_eaband01_c.png,Bip01 Spine1,
11220350,빛나는 군악대 귀고리 (여),11220350,76,105,181,23,40,79,11220350_F_EABand01.gltf,11220349_c_eaband01_d.png,11220349_c_eaband01_c.png,Bip01 Spine1,
11220353,겨울동화 눈꽃 귀고리 (남),11250199,76,105,181,23,40,79,11250199_M_EAFrozen03.gltf,11250199_c_eafrozen03_d.png,11250199_c_eafrozen03_c.png,Bip01 Spine1,
11220354,겨울동화 눈꽃 귀고리 (여),11250200,76,105,181,23,40,79,11250200_F_EAFrozen03.gltf,11250199_c_eafrozen03_d.png,11250199_c_eafrozen03_c.png,Bip01 Spine1,
11220355,오드리 튜튜 쥬얼 이어링 (남),11250107,76,105,181,23,40,79,11250107_M_EABallet01.gltf,11250107_c_eaballet01_d.png,11250107_c_eaballet01_c.png,Bip01 Spine1,
11220356,오드리 튜튜 쥬얼 이어링 (여),11250108,76,105,181,23,40,79,11250108_F_EABallet01.gltf,11250107_c_eaballet01_d.png,11250107_c_eaballet01_c.png,Bip01 Spine1,
11220357,올림포스 이어링 (남),11250082,147,226,242,89,153,165,11250082_M_EAOlympos01.gltf,11250082_c_eaolympos01_d.png,11250082_c_eaolympos01_c.png,Bip01 Spine1,
11220358,올림포스 이어링 (여),11250083,147,226,242,89,153,165,11250083_F_EAOlympos01.gltf,11250082_c_eaolympos01_d.png,11250082_c_eaolympos01_c.png,Bip01 Spine1,
11220359,로맨틱 웨딩 펄 이어링 (남),11220359,230,230,230,150,150,150,11220359_M_EAWedding03.gltf,11220359_c_eawedding03_d.png,11220359_c_eawedding03_c.png,Bip01 Spine1,
11220360,로맨틱 웨딩 펄 이어링 (여),11220360,230,230,230,150,150,150,11220360_F_EAWedding03.gltf,11220359_c_eawedding03_d.png,11220359_c_eawedding03_c.png,Bip01 Spine1,
11220361,일루셔니스트 테슬 이어링 (남),11250105,170,47,47,96,19,19,11250105_M_EAFairyMagician.gltf,11250105_c_eafairymagician_d.png,11250105_c_eafairymagician_c.png,Bip01 Spine1,
11220362,일루셔니스트 테슬 이어링 (여),11250106,170,47,47,96,19,19,11250106_F_EAFairyMagician.gltf,11250105_c_eafairymagician_d.png,11250105_c_eafairymagician_c.png,Bip01 Spine1,
11220363,로맨틱 웨딩 펄 이어링 (남),11220359,230,230,230,150,150,150,11220359_M_EAWedding03.gltf,11220359_c_eawedding03_d.png,11220359_c_eawedding03_c.png,Bip01 Spine1,
11220364,로맨틱 웨딩 펄 이어링 (여),11220360,230,230,230,150,150,150,11220360_F_EAWedding03.gltf,11220359_c_eawedding03_d.png,11220359_c_eawedding03_c.png,Bip01 Spine1,
11220365,겨울동화 눈꽃 귀고리 (남),11250199,76,105,181,23,40,79,11250199_M_EAFrozen03.gltf,11250199_c_eafrozen03_d.png,11250199_c_eafrozen03_c.png,Bip01 Spine1,
11220366,겨울동화 눈꽃 귀고리 (여),11250200,76,105,181,23,40,79,11250200_F_EAFrozen03.gltf,11250199_c_eafrozen03_d.png,11250199_c_eafrozen03_c.png,Bip01 Spine1,
11220367,댄싱 그레이스 이어링(남),11220367,133,81,165,53,42,71,11220367_M_EASports04.gltf,11220367_c_easports04_d.png,11220367_c_easports04_c.png,Bip01 Spine1,
11220368,댄싱 그레이스 이어링(여),11220368,133,81,165,53,42,71,11220367_M_EASports04.gltf,11220367_c_easports04_d.png,11220367_c_easports04_c.png,Bip01 Spine1,
11220369,세이레네스 이어링 (남),11220369,126,204,247,72,94,168,11220369_M_EASummer02.gltf,11220369_c_easummer02_d.png,11220369_c_easummer02_c.png,Bip01 Spine1,
11220370,세이레네스 이어링 (여),11220369,126,204,247,72,94,168,11220370_F_EASummer02.gltf,11220369_c_easummer02_d.png,11220369_c_easummer02_c.png,Bip01 Spine1,
11220371,개구쟁이 꼬마 악마 귀고리 (남),11220371,63,59,51,20,18,15,11220371_M_EAHalloween05.gltf,11220371_c_eahalloween05_d.png,11220371_c_eahalloween05_c.png,Bip01 Spine1,
11220372,개구쟁이 꼬마 악마 귀고리 (여),11220372,63,59,51,20,18,15,11220372_F_EAHalloween05.gltf,11220371_c_eahalloween05_d.png,11220371_c_eahalloween05_c.png,Bip01 Spine1,
11220373,커닝시티 역무원 귀고리 (남),11220373,62,73,117,27,26,48,11220373_M_EAUniform01.gltf,11220373_c_eauniform01_d.png,11220373_c_eauniform01_c.png,Bip01 Spine1,
11220374,커닝시티 역무원 귀고리 (여),11220374,62,73,117,27,26,48,11220374_F_EAUniform01.gltf,11220373_c_eauniform01_d.png,11220373_c_eauniform01_c.png,Bip01 Spine1,
11220375,개구쟁이 꼬마 악마 귀고리 (남),11220371,63,59,51,20,18,15,11220371_M_EAHalloween05.gltf,11220371_c_eahalloween05_d.png,11220371_c_eahalloween05_c.png,Bip01 Spine1,
11220376,개구쟁이 꼬마 악마 귀고리 (여),11220372,63,59,51,20,18,15,11220372_F_EAHalloween05.gltf,11220371_c_eahalloween05_d.png,11220371_c_eahalloween05_c.png,Bip01 Spine1,
11220377,장난꾸러기 요정 귀고리(남),11220377,133,81,165,53,42,71,11220377_M_EAFairy03.gltf,11220377_c_eafairy03_d.png,11220377_c_eafairy03_c.png,Bip01 Spine1,
11220378,장난꾸러기 요정 귀고리(여),11220377,133,81,165,53,42,71,11220378_F_EAFairy03.gltf,11220377_c_eafairy03_d.png,11220377_c_eafairy03_c.png,Bip01 Spine1,
11220381,숲의 정령 열매 귀고리 (남),11220381,244,189,88,163,121,39,11220381_M_EAFairy04.gltf,11220381_c_eafairy04_d.png,11220381_c_eafairy04_c.png,Bip01 Spine1,
11220382,숲의 정령 열매 귀고리 (여),11220382,244,189,88,163,121,39,11220382_F_EAFairy04.gltf,11220381_c_eafairy04_d.png,11220381_c_eafairy04_c.png,Bip01 Spine1,
11220387,글로우 스타 이어링 (남),11250067,170,47,47,96,19,19,11250067_M_EAChristmas02.gltf,11250067_c_eachristmas02_d.png,11250067_c_eachristmas02_c.png,Bip01 Spine1,
11220388,글로우 스타 이어링 (여),11250073,170,47,47,96,19,19,11250067_F_EAChristmas02.gltf,11250067_c_eachristmas02_d.png,11250067_c_eachristmas02_c.png,Bip01 Spine1,
11220389,발랄한 앨리스 하트 이어링 (남),11220389,126,204,247,72,94,168,11220389_M_EAFairyTale02.gltf,11220389_c_eafairytale02_d.png,11220389_c_eafairytale02_c.png,Bip01 Spine1,
11220390,발랄한 앨리스 하트 이어링 (여),11220390,126,204,247,72,94,168,11220390_F_EAFairyTale02.gltf,11220389_c_eafairytale02_d.png,11220389_c_eafairytale02_c.png,Bip01 Spine1,
11220391,타락천사 귀고리 (남),11250111,62,73,117,27,26,48,11250111_M_EALucifer.gltf,11250111_c_ealucifer_d.png,11250111_c_ealucifer_c.png,Bip01 Spine1,
11220392,타락천사 귀고리 (여),11250112,62,73,117,27,26,48,11250112_F_EALucifer.gltf,11250111_c_ealucifer_d.png,11250111_c_ealucifer_c.png,Bip01 Spine1,
11220393,봄나들이 모빌 이어링 (남),11220393,170,47,47,96,19,19,11220393_M_EAPicnic02.gltf,11220393_c_eapicnic02_d.png,11220393_c_eapicnic02_c.png,Bip01 Spine1,
11220394,봄나들이 모빌 이어링 (여),11220394,170,47,47,96,19,19,11220394_F_EAPicnic02.gltf,11220393_c_eapicnic02_d.png,11220393_c_eapicnic02_c.png,Bip01 Spine1,
11220395,타락천사 귀고리 (남),11250111,62,73,117,27,26,48,11250111_M_EALucifer.gltf,11250111_c_ealucifer_d.png,11250111_c_ealucifer_c.png,Bip01 Spine1,
11220396,타락천사 귀고리 (여),11250112,62,73,117,27,26,48,11250112_F_EALucifer.gltf,11250111_c_ealucifer_d.png,11250111_c_ealucifer_c.png,Bip01 Spine1,
11220397,커닝 경찰 귀고리(남),11220397,63,59,51,20,18,15,11220397_M_EAUniform02.gltf,11220397_c_eauniform02_d.png,11220397_c_eauniform02_c.png,Bip01 Spine1,
11220398,커닝 경찰 귀고리(여),11220398,63,59,51,20,18,15,11220398_F_EAUniform02.gltf,11220397_c_eauniform02_d.png,11220397_c_eauniform02_c.png,Bip01 Spine1,
11220399,째깍째깍 태엽 귀고리 (남),11220399,244,189,88,163,121,39,11220399_M_EATechwear02.gltf,11220399_c_eatechwear02_d.png,11220399_c_eatechwear02_c.png,Bip01 Spine1,
11220400,째깍째깍 태엽 귀고리 (여),11220399,244,189,88,163,121,39,11220400_F_EATechwear02.gltf,11220399_c_eatechwear02_d.png,11220399_c_eatechwear02_c.png,Bip01 Spine1,
11220401,봄나들이 모빌 이어링 (남),11220393,170,47,47,96,19,19,11220393_M_EAPicnic02.gltf,11220393_c_eapicnic02_d.png,11220393_c_eapicnic02_c.png,Bip01 Spine1,
11220402,봄나들이 모빌 이어링 (여),11220394,170,47,47,96,19,19,11220394_F_EAPicnic02.gltf,11220393_c_eapicnic02_d.png,11220393_c_eapicnic02_c.png,Bip01 Spine1,
11220403,커닝 경찰 귀고리(남),11220397,63,59,51,20,18,15,11220397_M_EAUniform02.gltf,11220397_c_eauniform02_d.png,11220397_c_eauniform02_c.png,Bip01 Spine1,
11220404,커닝 경찰 귀고리(여),11220398,63,59,51,20,18,15,11220398_F_EAUniform02.gltf,11220397_c_eauniform02_d.png,11220397_c_eauniform02_c.png,Bip01 Spine1,
11220415,가을 소풍 도토리 귀고리 (남),11220415,214,147,100,186,113,50,11220415_M_EAAutumn02.gltf,11220415_c_eaautumn02_d.png,11220415_c_eaautumn02_c.png,Bip01 Spine1,
11220416,가을 소풍 도토리 귀고리 (여),11220415,214,147,100,186,113,50,11220416_F_EAAutumn02.gltf,11220415_c_eaautumn02_d.png,11220415_c_eaautumn02_c.png,Bip01 Spine1,
11220417,프리스타일 메탈 포인트 귀고리 (남),11220417,132,130,120,68,68,65,11220417_M_EAOrdinary04.gltf,11220417_c_eaordinary04_d.png,11220417_c_eaordinary04_c.png,Bip01 Spine1,
11220418,프리스타일 메탈 포인트 귀고리 (여),11220418,132,130,120,68,68,65,11220418_F_EAOrdinary04.gltf,11220417_c_eaordinary04_d.png,11220417_c_eaordinary04_c.png,Bip01 Spine1,
11220423,빛나는 눈꽃 귀고리(남),11220423,244,189,88,163,121,39,11220423_M_EAWinter02.gltf,11220423_c_eawinter02_d.png,11220423_c_eawinter02_c.png,Bip01 Spine1,
11220424,빛나는 눈꽃 귀고리(여),11220423,244,189,88,163,121,39,11220424_F_EAWinter02.gltf,11220423_c_eawinter02_d.png,11220423_c_eawinter02_c.png,Bip01 Spine1,
11220427,메이플로드 승마 귀고리 (남),11220427,170,47,47,96,19,19,11220427_M_EAUniform04.gltf,11220427_c_eauniform04_d.png,11220427_c_eauniform04_c.png,Bip01 Spine1,
11220428,메이플로드 승마 귀고리 (여),11220427,170,47,47,96,19,19,11220428_F_EAUniform04.gltf,11220427_c_eauniform04_d.png,11220427_c_eauniform04_c.png,Bip01 Spine1,
11220431,폴 래빗 귀고리 (남),11220431,132,130,120,68,68,65,11220431_M_EABunny02.gltf,11220431_c_eabunny02_d.png,11220431_c_eabunny02_c.png,Bip01 Spine1,
11220432,폴 래빗 귀고리 (여),11220431,132,130,120,68,68,65,11220432_F_EABunny02.gltf,11220431_c_eabunny02_d.png,11220431_c_eabunny02_c.png,Bip01 Spine1,
11220451,스트리트 래퍼 귀고리 (남),11220059,244,189,88,163,121,39,11220059_M_EAIdol03.gltf,11220059_c_eaidol03_d.png,11220059_c_eaidol03_c.png,Bip01 Spine1,
11220452,스트리트 래퍼 귀고리 (여),11220060,244,189,88,163,121,39,11220060_F_EAIdol03.gltf,11220059_c_eaidol03_d.png,11220059_c_eaidol03_c.png,Bip01 Spine1,
11220453,푸른 바다 소년 귀고리 (남),11220063,170,47,47,96,19,19,11220063_M_EAMarine04.gltf,11220063_c_eamarine04_d.png,11220063_c_eamarine04_c.png,Bip01 Spine1,
11220454,푸른 바다 소녀 귀고리 (여),11220064,170,47,47,96,19,19,11220064_F_EAIMarine04.gltf,11220063_c_eamarine04_d.png,11220063_c_eamarine04_c.png,Bip01 Spine1,
11220463,영롱한 옥 귀고리 (남),11250071,62,73,117,27,26,48,11250071_M_EAHanbok03.gltf,11250071_m_eahanbok03_d.png,11250071_m_eahanbok03_c.png,Bip01 Spine1,
11220464,금사 꽃 귀고리 (여),11250072,244,189,88,163,121,39,11250072_F_EAHanbok03.gltf,11250072_f_eahanbok03_d.png,11250072_f_eahanbok03_c.png,Bip01 Spine1,
11220469,금사 운룡 귀고리 (남),11250063,170,47,47,96,19,19,11250063_M_EANewYear01.gltf,11250063_c_eanewyear01_d.png,11250063_c_eanewyear01_c.png,Bip01 Spine1,
11220470,금사 운룡 귀고리 (여),11250063,170,47,47,96,19,19,11250063_M_EANewYear01.gltf,11250063_c_eanewyear01_d.png,11250063_c_eanewyear01_c.png,Bip01 Spine1,
11220471,깨어난 더키볼 귀고리,11220461,63,59,51,20,18,15,11220462_F_EADoll_Chick02.gltf,11220461_c_eadoll_chick02_d.png,11220461_c_eadoll_chick02_d.png,Bip01 Spine1,
11220472,금사 운룡 귀고리 (남),11250063,170,47,47,96,19,19,11250063_M_EANewYear01.gltf,11250063_c_eanewyear01_d.png,11250063_c_eanewyear01_c.png,Bip01 Spine1,
11220473,금사 운룡 귀고리 (여),11250063,170,47,47,96,19,19,11250063_M_EANewYear01.gltf,11250063_c_eanewyear01_d.png,11250063_c_eanewyear01_c.png,Bip01 Spine1,
11220474,나비의 꿈 귀고리 (남),11250080,170,47,47,96,19,19,11250080_M_EANewYear02.gltf,11250080_c_eanewyear02_d.png,11250080_c_eanewyear02_c.png,Bip01 Spine1,
11220475,나비의 꿈 귀고리 (여),11250081,170,47,47,96,19,19,11250081_F_EANewYear02.gltf,11250080_c_eanewyear02_d.png,11250080_c_eanewyear02_c.png,Bip01 Spine1,
11220478,오리엔탈 엔젤 이어링 (남),11250076,147,226,242,89,153,165,11250076_M_EAOrientalAngel.gltf,11250076_c_eaorientalangel_d.png,11250076_c_eaorientalangel_c.png,Bip01 Spine1,
11220479,오리엔탈 엔젤 이어링 (여),11250088,147,226,242,89,153,165,11250088_F_EAOrientalAngel.gltf,11250076_c_eaorientalangel_d.png,11250076_c_eaorientalangel_c.png,Bip01 Spine1,
11220480,오리엔탈 엔젤 이어링 (남),11250076,147,226,242,89,153,165,11250076_M_EAOrientalAngel.gltf,11250076_c_eaorientalangel_d.png,11250076_c_eaorientalangel_c.png,Bip01 Spine1,
11220481,오리엔탈 엔젤 이어링 (여),11250088,147,226,242,89,153,165,11250088_F_EAOrientalAngel.gltf,11250076_c_eaorientalangel_d.png,11250076_c_eaorientalangel_c.png,Bip01 Spine1,
11220494,눈꽃뭉치 귀고리 (남),11200084,230,230,230,150,150,150,11200084_F_EAEskimoWear.gltf,11200084_c_eaeskimowear_d.png,11200084_c_eaeskimowear_c.png,Bip01 Spine1,
11220495,눈꽃뭉치 귀고리 (여),11200084,230,230,230,150,150,150,11200084_F_EAEskimoWear.gltf,11200084_c_eaeskimowear_d.png,11200084_c_eaeskimowear_c.png,Bip01 Spine1,
11220498,루미나리에 귀고리 (남),11200097,76,105,181,23,40,79,11200097_M_EALuminous.gltf,11200097_c_ealuminous_d.png,11200097_c_ealuminous_c.png,Bip01 Spine1,
11220499,루미나리에 귀고리 (여),11200098,76,105,181,23,40,79,11200098_F_EALuminous.gltf,11200097_c_ealuminous_d.png,11200097_c_ealuminous_c.png,Bip01 Spine1,
11220500,백여우 이어링 (남),11250068,170,47,47,96,19,19,11250068_M_EAWhiteFox.gltf,11250068_m_eawhitefox_d.png,11250068_m_eawhitefox_c.png,Bip01 Spine1,
11220501,붉은 꽃 이어링 (여),11250069,170,47,47,96,19,19,11250069_F_EAWhiteFox.gltf,11250069_f_eawhitefox_d.png,11250069_f_eawhitefox_c.png,Bip01 Spine1,
11220502,키튼 방울 이어링 (남),11250103,244,189,88,163,121,39,11250103_M_EAMaid01.gltf,11250103_c_eamaid01_d.png,11250103_c_eamaid01_c.png,Bip01 Spine1,
11220503,키튼 방울 이어링 (여),11250104,244,189,88,163,121,39,11250104_F_EAMaid01.gltf,11250103_c_eamaid01_d.png,11250103_c_eamaid01_c.png,Bip01 Spine1,
11220504,귀여운 당근 이어링 (남),11250001,63,59,51,20,18,15,01200001_C_MiniCarrot.gltf,01200001_c_minicarrot_d.png,01200001_c_minicarrot_d.png,Bip01 Spine1,
11220505,귀여운 당근 이어링 (여),11250001,63,59,51,20,18,15,01200001_C_MiniCarrot.gltf,01200001_c_minicarrot_d.png,01200001_c_minicarrot_d.png,Bip01 Spine1,
11220506,브래스 스터드 이어링,11220506,242,224,191,165,127,96,11250087_F_EABrassStud.gltf,11250087_c_eabrassstud_d.png,11250087_c_eabrassstud_c.png,Bip01 Spine1,
11220508,골든 리본 쥬얼 이어링 (남),11250084,170,47,47,96,19,19,11250084_M_EAValentine02.gltf,11250084_c_eavalentine02_d.png,11250084_c_eavalentine02_c.png,Bip01 Spine1,
11220509,골든 리본 쥬얼 이어링 (여),11250089,170,47,47,96,19,19,11250089_F_EAValentine02.gltf,11250084_c_eavalentine02_d.png,11250084_c_eavalentine02_c.png,Bip01 Spine1,
11220512,글로우 스타 이어링 (남),11250067,170,47,47,96,19,19,11250067_M_EAChristmas02.gltf,11250067_c_eachristmas02_d.png,11250067_c_eachristmas02_c.png,Bip01 Spine1,
11220513,글로우 스타 이어링 (여),11250073,170,47,47,96,19,19,11250067_F_EAChristmas02.gltf,11250067_c_eachristmas02_d.png,11250067_c_eachristmas02_c.png,Bip01 Spine1,
11220514,이프리트 크리스탈 이어링 (남),11250024,63,59,51,20,18,15,11250024_C_EAIfritBlack.gltf,11250024_c_eaifritblack_d.png,11250024_c_eaifritblack_d.png,Bip01 Spine1,
11220515,이프리트 크리스탈 이어링 (여),11250026,63,59,51,20,18,15,11250024_C_EAIfritBlack.gltf,11250024_c_eaifritblack_d.png,11250024_c_eaifritblack_d.png,Bip01 Spine1,
11220516,펑키 카우보이 스타 이어링 (남),11250100,244,189,88,163,121,39,11250100_M_EACowPuncher.gltf,11250100_c_eacowpuncher_d.png,11250100_c_eacowpuncher_c.png,Bip01 Spine1,
11220517,펑키 카우보이 스타 이어링 (여),11250101,244,189,88,163,121,39,11250101_F_EACowPuncher.gltf,11250100_c_eacowpuncher_d.png,11250100_c_eacowpuncher_c.png,Bip01 Spine1,
11220518,닥터 하트 알약 귀고리 (남),11250197,170,47,47,96,19,19,11250197_M_EAHospital01.gltf,11250197_c_eahospital01_d.png,11250197_c_eahospital01_c.png,Bip01 Spine1,
11220519,닥터 하트 알약 귀고리 (여),11250198,170,47,47,96,19,19,11250198_F_EAHospital01.gltf,11250197_c_eahospital01_d.png,11250197_c_eahospital01_c.png,Bip01 Spine1,
11220520,러블리 하트 이어링 (남),11250014,63,59,51,20,18,15,11200003_C_PetitHeart.gltf,11200003_c_petitheart.png,11200003_c_petitheart.png,Bip01 Spine1,
11220521,러블리 하트 이어링 (여),11250014,63,59,51,20,18,15,11200003_C_PetitHeart.gltf,11200003_c_petitheart.png,11200003_c_petitheart.png,Bip01 Spine1,
11220522,트로피컬 체리 이어링 (남),11250133,194,209,96,64,104,54,11250133_M_EAResortWear.gltf,11250133_c_earesortwear_d.png,11250133_c_earesortwear_c.png,Bip01 Spine1,
11220523,트로피컬 체리 이어링 (여),11250134,170,47,47,96,19,19,11250134_F_EAResortWear.gltf,11250133_c_earesortwear_d.png,11250133_c_earesortwear_c.png,Bip01 Spine1,
11220524,닥터 하트 알약 귀고리 (남),11250197,170,47,47,96,19,19,11250197_M_EAHospital01.gltf,11250197_c_eahospital01_d.png,11250197_c_eahospital01_c.png,Bip01 Spine1,
11220525,닥터 하트 알약 귀고리 (여),11250198,170,47,47,96,19,19,11250198_F_EAHospital01.gltf,11250197_c_eahospital01_d.png,11250197_c_eahospital01_c.png,Bip01 Spine1,
11220628,오퍼레이터 귀고리 (남),11200265,63,59,51,20,18,15,11200265_M_EATechwear03.gltf,11200265_c_eatechwear03_d.png,11200265_c_eatechwear03_c.png,Bip01 Spine1,
11220629,오퍼레이터 귀고리 (여),11200265,63,59,51,20,18,15,11200266_F_EATechwear03.gltf,11200265_c_eatechwear03_d.png,11200265_c_eatechwear03_c.png,Bip01 Spine1,
11220630,해피 멜로디 이어링 (남),11220031,239,112,145,153,66,82,11220031_M_EAIdol02.gltf,11220031_c_eaidol02_d.png,11220031_c_eaidol02_c.png,Bip01 Spine1,
11220631,해피 멜로디 이어링 (여),11220032,239,112,145,153,66,82,11220032_F_EAIdol02.gltf,11220031_c_eaidol02_d.png,11220031_c_eaidol02_c.png,Bip01 Spine1,
11220634,트라이아 궁중 화가 귀고리 (남),11220115,76,105,181,23,40,79,11250202_M_EAArtist01.gltf,11250202_c_eaartist01_d.png,11250202_c_eaartist01_c.png,Bip01 Spine1,
11220635,트라이아 궁중 화가 귀고리 (여),11220116,76,105,181,23,40,79,11250203_F_EAArtist01.gltf,11250202_c_eaartist01_d.png,11250202_c_eaartist01_c.png,Bip01 Spine1,
11220636,스트리트 훕 이어링 (남),11220133,132,130,120,68,68,65,11250193_M_EASports03.gltf,11250193_c_easports03_d.png,11250193_c_easports03_c.png,Bip01 Spine1,
11220637,스트리트 훕 이어링 (여),11220134,132,130,120,68,68,65,11250194_F_EASports03.gltf,11250193_c_easports03_d.png,11250193_c_easports03_c.png,Bip01 Spine1,
11220638,올림포스 이어링 (남),11250082,147,226,242,89,153,165,11250082_M_EAOlympos01.gltf,11250082_c_eaolympos01_d.png,11250082_c_eaolympos01_c.png,Bip01 Spine1,
11220639,올림포스 이어링 (여),11250083,147,226,242,89,153,165,11250083_F_EAOlympos01.gltf,11250082_c_eaolympos01_d.png,11250082_c_eaolympos01_c.png,Bip01 Spine1,
11220640,상큼 레몬 귀고리 (남),11220457,180,165,248,108,96,176,11220457_M_EAPicnic03.gltf,11220457_c_eapicnic03_d.png,11220457_c_eapicnic03_c.png,Bip01 Spine1,
11220641,상큼 레몬 귀고리 (여),11220457,180,165,248,108,96,176,11220458_F_EAPicnic03.gltf,11220457_c_eapicnic03_d.png,11220457_c_eapicnic03_c.png,Bip01 Spine1,
11220642,올림포스 이어링 (남),11250082,147,226,242,89,153,165,11250082_M_EAOlympos01.gltf,11250082_c_eaolympos01_d.png,11250082_c_eaolympos01_c.png,Bip01 Spine1,
11220643,올림포스 이어링 (여),11250083,147,226,242,89,153,165,11250083_F_EAOlympos01.gltf,11250082_c_eaolympos01_d.png,11250082_c_eaolympos01_c.png,Bip01 Spine1,
11220644,상큼 레몬 귀고리 (남),11220457,180,165,248,108,96,176,11220457_M_EAPicnic03.gltf,11220457_c_eapicnic03_d.png,11220457_c_eapicnic03_c.png,Bip01 Spine1,
11220645,상큼 레몬 귀고리 (여),11220457,180,165,248,108,96,176,11220458_F_EAPicnic03.gltf,11220457_c_eapicnic03_d.png,11220457_c_eapicnic03_c.png,Bip01 Spine1,
11220646,프레쉬 썸머 이어링 (남),11220067,147,226,242,89,153,165,11220067_M_EASwim06.gltf,11220067_c_easwim06_d.png,11220067_c_easwim06_c.png,Bip01 Spine1,
11220647,프레쉬 썸머 이어링 (여),11220068,147,226,242,89,153,165,11220068_F_EASwim06.gltf,11220067_c_easwim06_d.png,11220067_c_easwim06_c.png,Bip01 Spine1,
11220648,달콤한 체리 아이스크림 이어링 (남),11220051,180,165,248,108,96,176,11220051_M_EAFood02.gltf,11220051_c_eafood02_d.png,11220051_c_eafood02_c.png,Bip01 Spine1,
11220649,달콤한 체리 아이스크림 이어링 (여),11220051,180,165,248,108,96,176,11220052_F_EAFood02.gltf,11220051_c_eafood02_d.png,11220051_c_eafood02_c.png,Bip01 Spine1,
11220650,해변의 낭만 파인애플 이어링 (남),11250173,244,189,88,163,121,39,11250173_F_EASummer01.gltf,11250173_c_easummer01_d.png,11250173_c_easummer01_c.png,Bip01 Spine1,
11220651,썬플라워 이어링 (남),11250091,63,59,51,20,18,15,11250091_F_EAPicnic01.gltf,11250091_c_eapicnic01_d.png,11250091_c_eapicnic01_d.png,Bip01 Spine1,
11220652,썬플라워 이어링 (여),11250091,63,59,51,20,18,15,11250091_F_EAPicnic01.gltf,11250091_c_eapicnic01_d.png,11250091_c_eapicnic01_d.png,Bip01 Spine1,
11220653,숲의 정령 열매 귀고리 (남),11220381,244,189,88,163,121,39,11220381_M_EAFairy04.gltf,11220381_c_eafairy04_d.png,11220381_c_eafairy04_c.png,Bip01 Spine1,
11220654,숲의 정령 열매 귀고리 (여),11220382,244,189,88,163,121,39,11220382_F_EAFairy04.gltf,11220381_c_eafairy04_d.png,11220381_c_eafairy04_c.png,Bip01 Spine1,
11220655,다크캣 펑키 교복 귀고리 (남),11250195,132,130,120,68,68,65,11250195_M_EASchoolLook02.gltf,11250195_c_easchoollook02_d.png,11250195_c_easchoollook02_c.png,Bip01 Spine1,
11220656,다크캣 펑키 교복 귀고리 (여),11250196,132,130,120,68,68,65,11250196_F_EASchoolLook02.gltf,11250195_c_easchoollook02_d.png,11250195_c_easchoollook02_c.png,Bip01 Spine1,
11220657,장난꾸러기 요정 귀고리(남),11220377,133,81,165,53,42,71,11220377_M_EAFairy03.gltf,11220377_c_eafairy03_d.png,11220377_c_eafairy03_c.png,Bip01 Spine1,
11220658,장난꾸러기 요정 귀고리(여),11220377,133,81,165,53,42,71,11220378_F_EAFairy03.gltf,11220377_c_eafairy03_d.png,11220377_c_eafairy03_c.png,Bip01 Spine1,
11220659,헬 크로스 이어링 (남),11250027,170,47,47,96,19,19,11250027_M_EAVampire.gltf,11250027_c_eavampire_d.png,11250027_c_eavampire_c.png,Bip01 Spine1,
11220660,헬 크로스 이어링 (여),11250037,170,47,47,96,19,19,11250027_F_EAVampire.gltf,11250027_c_eavampire_d.png,11250027_c_eavampire_c.png,Bip01 Spine1,
11220661,프리스타일 메탈 포인트 귀고리 (남),11220417,132,130,120,68,68,65,11220417_M_EAOrdinary04.gltf,11220417_c_eaordinary04_d.png,11220417_c_eaordinary04_c.png,Bip01 Spine1,
11220662,프리스타일 메탈 포인트 귀고리 (여),11220418,132,130,120,68,68,65,11220418_F_EAOrdinary04.gltf,11220417_c_eaordinary04_d.png,11220417_c_eaordinary04_c.png,Bip01 Spine1,
11220665,개구쟁이 꼬마 악마 귀고리 (남),11220371,63,59,51,20,18,15,11220371_M_EAHalloween05.gltf,11220371_c_eahalloween05_d.png,11220371_c_eahalloween05_c.png,Bip01 Spine1,
11220666,개구쟁이 꼬마 악마 귀고리 (여),11220372,63,59,51,20,18,15,11220372_F_EAHalloween05.gltf,11220371_c_eahalloween05_d.png,11220371_c_eahalloween05_c.png,Bip01 Spine1,
11220667,로열 다크니스 이어링 (남),11250183,170,47,47,96,19,19,11250183_M_EADarkFantasy.gltf,11250183_c_eadarkfantasy_d.png,11250183_c_eadarkfantasy_c.png,Bip01 Spine1,
11220668,로열 다크니스 이어링 (여),11250184,170,47,47,96,19,19,11250184_F_EADarkFantasy.gltf,11250183_c_eadarkfantasy_d.png,11250183_c_eadarkfantasy_c.png,Bip01 Spine1,
11220669,다크문 키튼 귀고리 (남),11200263,63,59,51,20,18,15,11200263_M_EAMaid02.gltf,11200263_c_eamaid02_d.png,11200263_c_eamaid02_c.png,Bip01 Spine1,
11220670,다크문 키튼 귀고리 (여),11200263,63,59,51,20,18,15,11200264_F_EAMaid02.gltf,11200263_c_eamaid02_d.png,11200263_c_eamaid02_c.png,Bip01 Spine1,
11220671,나비 군주 귀고리 (남),11220053,170,47,47,96,19,19,11250175_M_EABlackButterfly.gltf,11250175_c_eablackbutterfly_d.png,11250175_c_eablackbutterfly_c.png,Bip01 Spine1,
11220672,나비 군주 귀고리 (여),11220054,170,47,47,96,19,19,11250176_F_EABlackButterfly.gltf,11250175_c_eablackbutterfly_d.png,11250175_c_eablackbutterfly_c.png,Bip01 Spine1,
11220673,해변의 낭만 파인애플 이어링 (여),11250173,244,189,88,163,121,39,11250173_F_EASummer01.gltf,11250173_c_easummer01_d.png,11250173_c_easummer01_c.png,Bip01 Spine1,
11220674,스트리트 래퍼 귀고리 (남),11220059,244,189,88,163,121,39,11220059_M_EAIdol03.gltf,11220059_c_eaidol03_d.png,11220059_c_eaidol03_c.png,Bip01 Spine1,
11220675,스트리트 래퍼 귀고리 (여),11220060,244,189,88,163,121,39,11220060_F_EAIdol03.gltf,11220059_c_eaidol03_d.png,11220059_c_eaidol03_c.png,Bip01 Spine1,
11220676,하트 메탈릭 이어링 (남),11220043,63,59,51,20,18,15,11220043_M_EAIdol04.gltf,11220043_c_eaidol04_d.png,11220043_c_eaidol04_c.png,Bip01 Spine1,
11220677,하트 메탈릭 이어링 (여),11220044,63,59,51,20,18,15,11220044_F_EAIdol04.gltf,11220043_c_eaidol04_d.png,11220043_c_eaidol04_c.png,Bip01 Spine1,
11220678,페리오닉 깃털 귀고리 (남),11200087,170,47,47,96,19,19,11200087_F_EATraditionalNative01.gltf,11200087_c_eatraditionalnative01_d.png,11200087_c_eatraditionalnative01_c.png,Bip01 Spine1,
11220679,페리오닉 깃털 귀고리 (여),11200087,170,47,47,96,19,19,11200087_F_EATraditionalNative01.gltf,11200087_c_eatraditionalnative01_d.png,11200087_c_eatraditionalnative01_c.png,Bip01 Spine1,
11220680,로열 아라비안 이어링 (남),11220079,170,47,47,96,19,19,11220079_M_EAFairyTale03.gltf,11220079_c_eafairytale03_d.png,11220079_c_eafairytale03_c.png,Bip01 Spine1,
11220681,로열 아라비안 이어링 (여),11220079,170,47,47,96,19,19,11220080_F_EAFairyTale03.gltf,11220079_c_eafairytale03_d.png,11220079_c_eafairytale03_c.png,Bip01 Spine1,
11220682,은하수 별빛 이어링 (남),11250092,244,189,88,163,121,39,11250092_M_EAGalaxyFox.gltf,11250092_c_eagalaxyfox_d.png,11250092_c_eagalaxyfox_c.png,Bip01 Spine1,
11220683,은하수 별빛 이어링 (여),11250093,244,189,88,163,121,39,11250093_F_EAGalaxyFox.gltf,11250092_c_eagalaxyfox_d.png,11250092_c_eagalaxyfox_c.png,Bip01 Spine1,
11220684,살랑 나비 귀고리 (남),11250188,244,189,88,163,121,39,11250188_M_EAGentlyButterfly.gltf,11250188_c_eagentlybutterfly_d.png,11250188_c_eagentlybutterfly_c.png,Bip01 Spine1,
11220685,살랑 나비 귀고리 (여),11250189,244,189,88,163,121,39,11250189_F_EAGentlyButterfly.gltf,11250188_c_eagentlybutterfly_d.png,11250188_c_eagentlybutterfly_c.png,Bip01 Spine1,
11220686,브래스 스터드 이어링,11250087,242,224,191,165,127,96,11250087_F_EABrassStud.gltf,11250087_c_eabrassstud_d.png,11250087_c_eabrassstud_c.png,Bip01 Spine1,
11220687,트라이아 궁중 셰프 귀고리 (남),11250181,63,59,51,20,18,15,11250181_M_EACook02.gltf,11250181_c_eacook02_d.png,11250181_c_eacook02_d.png,Bip01 Spine1,
11220688,트라이아 궁중 셰프 귀고리 (여),11250182,63,59,51,20,18,15,11250182_F_EACook02.gltf,11250181_c_eacook02_d.png,11250181_c_eacook02_d.png,Bip01 Spine1,
11220689,페어리 메탈 이어링,11250137,147,226,242,89,153,165,11250137_F_FairyJewel.gltf,11250137_c_fairyjewel_d.png,11250137_c_fairyjewel_c.png,Bip01 Spine1,
11220690,펑키 카우보이 스타 이어링 (남),11250100,244,189,88,163,121,39,11250100_M_EACowPuncher.gltf,11250100_c_eacowpuncher_d.png,11250100_c_eacowpuncher_c.png,Bip01 Spine1,
11220691,펑키 카우보이 스타 이어링 (여),11250101,244,189,88,163,121,39,11250101_F_EACowPuncher.gltf,11250100_c_eacowpuncher_d.png,11250100_c_eacowpuncher_c.png,Bip01 Spine1,
11220692,정열의 별빛 귀고리 (남),11250138,132,130,120,68,68,65,11250138_M_EATraditionalNative02.gltf,11250138_m_eatraditionalnative02_d.png,11250138_m_eatraditionalnative02_c.png,Bip01 Spine1,
11220693,정열의 물방울 귀고리 (여),11250139,170,47,47,96,19,19,11250139_F_EATraditionalNative02.gltf,11250139_f_eatraditionalnative02_d.png,11250139_f_eatraditionalnative02_c.png,Bip01 Spine1,
11220694,썬플라워 이어링,11250091,63,59,51,20,18,15,11250091_F_EAPicnic01.gltf,11250091_c_eapicnic01_d.png,11250091_c_eapicnic01_d.png,Bip01 Spine1,
11220695,로열 다크니스 이어링 (남),11250183,170,47,47,96,19,19,11250183_M_EADarkFantasy.gltf,11250183_c_eadarkfantasy_d.png,11250183_c_eadarkfantasy_c.png,Bip01 Spine1,
11220696,로열 다크니스 이어링 (여),11250184,170,47,47,96,19,19,11250184_F_EADarkFantasy.gltf,11250183_c_eadarkfantasy_d.png,11250183_c_eadarkfantasy_c.png,Bip01 Spine1,
11220697,다크문 키튼 귀고리 (남),11200263,63,59,51,20,18,15,11200263_M_EAMaid02.gltf,11200263_c_eamaid02_d.png,11200263_c_eamaid02_c.png,Bip01 Spine1,
11220698,다크문 키튼 귀고리 (여),11200263,63,59,51,20,18,15,11200264_F_EAMaid02.gltf,11200263_c_eamaid02_d.png,11200263_c_eamaid02_c.png,Bip01 Spine1,
11220701,스트리트 래퍼 귀고리 (남),11220059,244,189,88,163,121,39,11220059_M_EAIdol03.gltf,11220059_c_eaidol03_d.png,11220059_c_eaidol03_c.png,Bip01 Spine1,
11220702,스트리트 래퍼 귀고리 (여),11220059,244,189,88,163,121,39,11220060_F_EAIdol03.gltf,11220059_c_eaidol03_d.png,11220059_c_eaidol03_c.png,Bip01 Spine1,
11220703,하트 메탈릭 이어링 (남),11220043,63,59,51,20,18,15,11220043_M_EAIdol04.gltf,11220043_c_eaidol04_d.png,11220043_c_eaidol04_c.png,Bip01 Spine1,
11220704,하트 메탈릭 이어링 (여),11220044,63,59,51,20,18,15,11220044_F_EAIdol04.gltf,11220043_c_eaidol04_d.png,11220043_c_eaidol04_c.png,Bip01 Spine1,
11220705,프리스타일 메탈 포인트 귀고리 (남),11220417,132,130,120,68,68,65,11220417_M_EAOrdinary04.gltf,11220417_c_eaordinary04_d.png,11220417_c_eaordinary04_c.png,Bip01 Spine1,
11220706,프리스타일 메탈 포인트 귀고리 (여),11220418,132,130,120,68,68,65,11220418_F_EAOrdinary04.gltf,11220417_c_eaordinary04_d.png,11220417_c_eaordinary04_c.png,Bip01 Spine1,
11220707,트라이아 궁중 화가 귀고리 (남),11220115,76,105,181,23,40,79,11250202_M_EAArtist01.gltf,11250202_c_eaartist01_d.png,11250202_c_eaartist01_c.png,Bip01 Spine1,
11220708,트라이아 궁중 화가 귀고리 (여),11220116,76,105,181,23,40,79,11250203_F_EAArtist01.gltf,11250202_c_eaartist01_d.png,11250202_c_eaartist01_c.png,Bip01 Spine1,
11220709,페어리 메탈 이어링,11250137,147,226,242,89,153,165,11250137_F_FairyJewel.gltf,11250137_c_fairyjewel_d.png,11250137_c_fairyjewel_c.png,Bip01 Spine1,
11220710,나비 군주 귀고리 (남),11220053,170,47,47,96,19,19,11250175_M_EABlackButterfly.gltf,11250175_c_eablackbutterfly_d.png,11250175_c_eablackbutterfly_c.png,Bip01 Spine1,
11220711,나비 군주 귀고리 (여),11220054,170,47,47,96,19,19,11250176_F_EABlackButterfly.gltf,11250175_c_eablackbutterfly_d.png,11250175_c_eablackbutterfly_c.png,Bip01 Spine1,
11220712,살랑 나비 귀고리 (남),11250188,244,189,88,163,121,39,11250188_M_EAGentlyButterfly.gltf,11250188_c_eagentlybutterfly_d.png,11250188_c_eagentlybutterfly_c.png,Bip01 Spine1,
11220713,살랑 나비 귀고리 (여),11250189,244,189,88,163,121,39,11250189_F_EAGentlyButterfly.gltf,11250188_c_eagentlybutterfly_d.png,11250188_c_eagentlybutterfly_c.png,Bip01 Spine1,
11230031,앱솔루트 이어링,11200031,63,59,51,20,18,15,11200011_C_ERGoldDrop.gltf,11200011_c_ergolddrop_d.png,11200011_c_ergolddrop_d.png,Bip01 Spine1,
11230044,흉포한 귀고리,11200024,63,59,51,20,18,15,11200017_C_ERSilverRingEaring.gltf,11200017_c_ersilverringearing_d.png,11200017_c_ersilverringearing_d.png,Bip01 Spine1,
11240044,빛나는 흉포의 귀고리,11200024,63,59,51,20,18,15,11200017_C_ERSilverRingEaring.gltf,11200017_c_ersilverringearing_d.png,11200017_c_ersilverringearing_d.png,Bip01 Spine1,
11240061,빛나는 검은 불꽃의 귀고리,11200026,63,59,51,20,18,15,11200020_C_ERAmethystCrossSilver.gltf,11200020_c_eramethystcrosssilver_d.png,11200020_c_eramethystcrossgold_c.png,Bip01 Spine1,
11250001,귀여운 당근 이어링,11250001,63,59,51,20,18,15,01200001_C_MiniCarrot.gltf,01200001_c_minicarrot_d.png,01200001_c_minicarrot_d.png,Bip01 Spine1,
11250002,달콤한 도넛 이어링,11250002,63,59,51,20,18,15,01200002_C_CreamDonut.gltf,01200002_c_creamdonut_d.png,01200002_c_creamdonut_d.png,Bip01 Spine1,
11250003,클로즈드 베타 귀고리,11250003,63,59,51,20,18,15,11250003_F_CBTOccupation.gltf,11250003_c_cbtoccupation_d.png,11250003_c_cbtoccupation_d.png,Bip01 Spine1,
11250004,링 피어싱,11250004,63,59,51,20,18,15,11250003_C_RingPiercing.gltf,11250003_c_ringpiercing_d.png,11250003_c_ringpiercing_d.png,Bip01 Spine1,
11250005,리본 진주 귀고리,11250005,63,59,51,20,18,15,11250004_C_RibbonPearl.gltf,11250004_c_ribbonpearl_d.png,11250004_c_ribbonpearl_d.png,Bip01 Spine1,
11250006,높은음 자리 피어싱,11250006,180,165,248,108,96,176,11250005_C_TrebleClef.gltf,11250005_c_trebleclef_d.png,11250005_c_trebleclef_c.png,Bip01 Spine1,
11250007,777 귀고리,11250007,63,59,51,20,18,15,11250007_C_777Earring.gltf,11250007_c_777earring_d.png,11250007_c_777earring_d.png,Bip01 Spine1,
11250008,드래곤 피어싱,11250008,244,189,88,163,121,39,11250008_F_DragonPiercing.gltf,11250008_c_dragonpiercing_d.png,11250008_c_dragonpiercing_c.png,Bip01 Spine1,
11250010,옷핀 귀고리,11250010,244,189,88,163,121,39,11250010_F_SafetyPinEarring.gltf,11250010_c_safetypinearring_d.png,11250010_c_safetypinearring_c.png,Bip01 Spine1,
11250012,스타라이트 이어링,11250012,126,204,247,72,94,168,11250012_C_StarlightEarCuff.gltf,11250012_c_starlightearcuff_d.png,11250012_c_starlightearcuff_c.png,Bip01 Spine1,
11250013,반짝 별 이어링,11250013,63,59,51,20,18,15,11200002_C_LittleStar.gltf,11200002_c_littlestar_d.png,11200002_c_littlestar_d.png,Bip01 Spine1,
11250014,러블리 하트 이어링,11250014,63,59,51,20,18,15,11200003_C_PetitHeart.gltf,11200003_c_petitheart.png,11200003_c_petitheart.png,Bip01 Spine1,
11250017,썬더 이어링,11250017,126,204,247,72,94,168,11200009_C_ERThunder.gltf,11200009_c_erthunder_d.png,11200009_c_erthunder_c.png,Bip01 Spine1,
11250018,쉐도우 아이즈 이어링,11250018,63,59,51,20,18,15,11250018_C_ShadowEyeEarring.gltf,11250018_shadoweyeearring_d.png,11250018_shadoweyeearring_d.png,Bip01 Spine1,
11250019,챠밍 로즈 이어링,11250019,170,47,47,96,19,19,11200016_C_ERRose.gltf,11200016_c_errose_c.png,11200016_c_errose_c.png,Bip01 Spine1,
11250021,프로즌 크리스탈 이어링,11250021,63,59,51,20,18,15,11250021_C_EAFrozenCrystal.gltf,11250021_c_eafrozencrystal_d.png,11250021_c_eafrozencrystal_d.png,Bip01 Spine1,
11250022,웨딩 로즈 이어링 (남),11250022,230,230,230,150,150,150,11250022_C_EAWedding.gltf,11250022_c_eawedding_d.png,11250022_c_eawedding_c.png,Bip01 Spine1,
11250023,고딕 비쥬 이어링 (남),11250023,63,59,51,20,18,15,11250023_C_EAGothic.gltf,11250023_c_eagothic_d.png,11250023_c_eagothic_c.png,Bip01 Spine1,
11250024,이프리트 크리스탈 이어링 (남),11250024,63,59,51,20,18,15,11250024_C_EAIfritBlack.gltf,11250024_c_eaifritblack_d.png,11250024_c_eaifritblack_d.png,Bip01 Spine1,
11250025,고딕 비쥬 이어링 (여),11250025,63,59,51,20,18,15,11250023_C_EAGothic.gltf,11250023_c_eagothic_d.png,11250023_c_eagothic_c.png,Bip01 Spine1,
11250026,이프리트 크리스탈 이어링 (여),11250026,63,59,51,20,18,15,11250024_C_EAIfritBlack.gltf,11250024_c_eaifritblack_d.png,11250024_c_eaifritblack_d.png,Bip01 Spine1,
11250027,헬 크로스 이어링 (남),11250027,170,47,47,96,19,19,11250027_M_EAVampire.gltf,11250027_c_eavampire_d.png,11250027_c_eavampire_c.png,Bip01 Spine1,
11250032,웨딩 로즈 이어링 (여),11250032,230,230,230,150,150,150,11250022_C_EAWedding.gltf,11250022_c_eawedding_d.png,11250022_c_eawedding_c.png,Bip01 Spine1,
11250033,해피 슬라임 이어링,11200058,126,204,247,72,94,168,11200058_F_SlimeEarring.gltf,11200058_c_slimeearring_d.png,11200058_c_slimeearring_c.png,Bip01 Spine1,
11250034,블링 스타 이어링,11200055,244,189,88,163,121,39,11200055_F_StarCubicEarring.gltf,11200055_c_starcubicearring_d.png,11200055_c_starcubicearring_c.png,Bip01 Spine1,
11250035,시크 스타츠 귀고리 (남),11250035,63,59,51,20,18,15,11250035_M_EAStartz.gltf,11250035_m_eastartz_d.png,11250035_m_eastartz_c.png,Bip01 Spine1,
11250036,섹시 오필리아 귀고리 (여),11250036,62,73,117,27,26,48,11250036_F_EAOphelia.gltf,11250036_f_eaophelia_d.png,11250036_f_eaophelia_c.png,Bip01 Spine1,
11250037,헬 크로스 이어링 (여),11250037,170,47,47,96,19,19,11250027_F_EAVampire.gltf,11250027_c_eavampire_d.png,11250027_c_eavampire_c.png,Bip01 Spine1,
11250038,밀키즈 애플 이어링,11250038,170,47,47,96,19,19,11250038_F_EALivestock01.gltf,11250038_c_ealivestock_d.png,11250038_c_ealivestock_c.png,Bip01 Spine1,
11250039,메리메리 크리스마스 귀고리 (남),11250039,170,47,47,96,19,19,11250039_M_EAChristmas01.gltf,11250039_c_eachristmas01_d.png,11250039_c_eachristmas01_c.png,Bip01 Spine1,
11250040,메리메리 크리스마스 귀고리 (여),11250040,170,47,47,96,19,19,11250039_F_EAChristmas01.gltf,11250039_c_eachristmas01_d.png,11250039_c_eachristmas01_c.png,Bip01 Spine1,
11250041,베르크 드릴 이어링,11250041,244,189,88,163,121,39,11250041_F_EAMining01.gltf,11250041_c_eamining01_d.png,11250041_c_eamining01_c.png,Bip01 Spine1,
11250042,알키미 클로버 이어링,11250042,194,209,96,64,104,54,11250042_F_EACollecting01.gltf,11250042_c_eacollecting01_d.png,11250042_c_eacollecting01_c.png,Bip01 Spine1,
11250043,레더바우 피그 이어링,11250043,214,147,100,186,113,50,11250043_C_EAFarming01.gltf,11250043_c_eafarming01_d.png,11250043_c_eafarming01_c.png,Bip01 Spine1,
11250044,스칼렛 다이아 이어링 (남),11250044,170,47,47,96,19,19,11250044_M_EAValentine01.gltf,11250044_c_eavalentine01_d.png,11250044_c_eavalentine01_c.png,Bip01 Spine1,
11250045,스칼렛 다이아 이어링 (여),11250044,170,47,47,96,19,19,11250045_F_EAValentine01.gltf,11250044_c_eavalentine01_d.png,11250044_c_eavalentine01_c.png,Bip01 Spine1,
11250046,앱솔루트 이어링,11200031,63,59,51,20,18,15,11200011_C_ERGoldDrop.gltf,11200011_c_ergolddrop_d.png,11200011_c_ergolddrop_d.png,Bip01 Spine1,
11250047,앱솔루트 이어링,11200031,63,59,51,20,18,15,11200011_C_ERGoldDrop.gltf,11200011_c_ergolddrop_d.png,11200011_c_ergolddrop_d.png,Bip01 Spine1,
11250048,앱솔루트 이어링,11200031,63,59,51,20,18,15,11200011_C_ERGoldDrop.gltf,11200011_c_ergolddrop_d.png,11200011_c_ergolddrop_d.png,Bip01 Spine1,
11250049,시크 스타츠 귀고리 (남),11250035,63,59,51,20,18,15,11250035_M_EAStartz.gltf,11250035_m_eastartz_d.png,11250035_m_eastartz_c.png,Bip01 Spine1,
11250050,섹시 오필리아 귀고리 (여),11250036,62,73,117,27,26,48,11250036_F_EAOphelia.gltf,11250036_f_eaophelia_d.png,11250036_f_eaophelia_c.png,Bip01 Spine1,
11250051,고딕 비쥬 이어링 (남),11250023,63,59,51,20,18,15,11250023_C_EAGothic.gltf,11250023_c_eagothic_d.png,11250023_c_eagothic_c.png,Bip01 Spine1,
11250052,고딕 비쥬 이어링 (여),11250025,63,59,51,20,18,15,11250023_C_EAGothic.gltf,11250023_c_eagothic_d.png,11250023_c_eagothic_c.png,Bip01 Spine1,
11250053,이프리트 크리스탈 이어링 (남),11250024,63,59,51,20,18,15,11250024_C_EAIfritBlack.gltf,11250024_c_eaifritblack_d.png,11250024_c_eaifritblack_d.png,Bip01 Spine1,
11250054,이프리트 크리스탈 이어링 (여),11250026,63,59,51,20,18,15,11250024_C_EAIfritBlack.gltf,11250024_c_eaifritblack_d.png,11250024_c_eaifritblack_d.png,Bip01 Spine1,
11250055,웨딩 로즈 이어링 (남),11250022,230,230,230,150,150,150,11250022_C_EAWedding.gltf,11250022_c_eawedding_d.png,11250022_c_eawedding_c.png,Bip01 Spine1,
11250056,웨딩 로즈 이어링 (여),11250032,230,230,230,150,150,150,11250022_C_EAWedding.gltf,11250022_c_eawedding_d.png,11250022_c_eawedding_c.png,Bip01 Spine1,
11250057,헬 크로스 이어링 (남),11250027,170,47,47,96,19,19,11250027_M_EAVampire.gltf,11250027_c_eavampire_d.png,11250027_c_eavampire_c.png,Bip01 Spine1,
11250058,헬 크로스 이어링 (여),11250037,170,47,47,96,19,19,11250027_F_EAVampire.gltf,11250027_c_eavampire_d.png,11250027_c_eavampire_c.png,Bip01 Spine1,
11250059,메리메리 크리스마스 귀고리 (남),11250039,170,47,47,96,19,19,11250039_M_EAChristmas01.gltf,11250039_c_eachristmas01_d.png,11250039_c_eachristmas01_c.png,Bip01 Spine1,
11250060,메리메리 크리스마스 귀고리 (여),11250040,170,47,47,96,19,19,11250039_F_EAChristmas01.gltf,11250039_c_eachristmas01_d.png,11250039_c_eachristmas01_c.png,Bip01 Spine1,
11250061,스칼렛 다이아 이어링 (남),11250044,170,47,47,96,19,19,11250044_M_EAValentine01.gltf,11250044_c_eavalentine01_d.png,11250044_c_eavalentine01_c.png,Bip01 Spine1,
11250062,스칼렛 다이아 이어링 (여),11250044,170,47,47,96,19,19,11250045_F_EAValentine01.gltf,11250044_c_eavalentine01_d.png,11250044_c_eavalentine01_c.png,Bip01 Spine1,
11250063,금사 장식 귀고리,11250063,170,47,47,96,19,19,11250063_M_EANewYear01.gltf,11250063_c_eanewyear01_d.png,11250063_c_eanewyear01_c.png,Bip01 Spine1,
11250064,창피한 더키볼 귀고리,11200049,63,59,51,20,18,15,11200049_C_EADuckyBallEvent03.gltf,11200049_c_eaduckyballevent03_d.png,11200049_c_eaduckyballevent03_d.png,Bip01 Spine1,
11250065,귀여운 더키볼 귀고리,11200047,63,59,51,20,18,15,11200047_C_EADuckyBallEvent01.gltf,11200047_c_eaduckyballevent01_d.png,11200047_c_eaduckyballevent01_d.png,Bip01 Spine1,
11250066,시크한 더키볼 귀고리,11200048,63,59,51,20,18,15,11200048_C_EADuckyBallEvent02.gltf,11200048_c_eaduckyballevent02_d.png,11200048_c_eaduckyballevent02_d.png,Bip01 Spine1,
11250067,글로우 스타 이어링 (남),11250067,170,47,47,96,19,19,11250067_M_EAChristmas02.gltf,11250067_c_eachristmas02_d.png,11250067_c_eachristmas02_c.png,Bip01 Spine1,
11250068,백여우 이어링 (남),11250068,170,47,47,96,19,19,11250068_M_EAWhiteFox.gltf,11250068_m_eawhitefox_d.png,11250068_m_eawhitefox_c.png,Bip01 Spine1,
11250069,붉은 꽃 이어링 (여),11250069,170,47,47,96,19,19,11250069_F_EAWhiteFox.gltf,11250069_f_eawhitefox_d.png,11250069_f_eawhitefox_c.png,Bip01 Spine1,
11250070,레이 시크 피어싱,11250070,63,59,51,20,18,15,11250070_F_Lay01.gltf,11250070_c_lay01_d.png,11250070_c_lay01_d.png,Bip01 Spine1,
11250071,영롱한 옥 귀고리 (남),11250071,62,73,117,27,26,48,11250071_M_EAHanbok03.gltf,11250071_m_eahanbok03_d.png,11250071_m_eahanbok03_c.png,Bip01 Spine1,
11250072,금사 꽃 귀고리 (여),11250072,244,189,88,163,121,39,11250072_F_EAHanbok03.gltf,11250072_f_eahanbok03_d.png,11250072_f_eahanbok03_c.png,Bip01 Spine1,
11250073,글로우 스타 이어링 (여),11250073,170,47,47,96,19,19,11250067_F_EAChristmas02.gltf,11250067_c_eachristmas02_d.png,11250067_c_eachristmas02_c.png,Bip01 Spine1,
11250074,크리스탈 드롭 귀고리 (남),11250074,180,165,248,108,96,176,11250074_M_EARococo01.gltf,11250074_m_earococo01_d.png,11250074_m_earococo01_c.png,Bip01 Spine1,
11250075,크리스탈 꽃 귀고리 (여),11250075,180,165,248,108,96,176,11250075_F_EARococo01.gltf,11250075_f_earococo01_d.png,11250075_f_earococo01_c.png,Bip01 Spine1,
11250076,오리엔탈 엔젤 이어링 (남),11250076,147,226,242,89,153,165,11250076_M_EAOrientalAngel.gltf,11250076_c_eaorientalangel_d.png,11250076_c_eaorientalangel_c.png,Bip01 Spine1,
11250077,천계의 선인 귀고리 (남),11250077,180,165,248,108,96,176,11250077_M_EAOrientalFairy.gltf,11250077_c_eaorientalfairy_d.png,11250077_c_eaorientalfairy_c.png,Bip01 Spine1,
11250078,새우 귀고리,11250078,63,59,51,20,18,15,11250078_F_EAMIMAN01.gltf,11290067_f_eamiman01_d.png,11290067_f_eamiman01_d.png,Bip01 Spine1,
11250079,달걀 프라이 귀고리,11250079,63,59,51,20,18,15,11250079_M_EAMIMAN01.gltf,11290068_m_eamiman01_d.png,11290068_m_eamiman01_d.png,Bip01 Spine1,
11250080,나비의 꿈 귀고리 (남),11250080,170,47,47,96,19,19,11250080_M_EANewYear02.gltf,11250080_c_eanewyear02_d.png,11250080_c_eanewyear02_c.png,Bip01 Spine1,
11250081,나비의 꿈 귀고리 (여),11250081,170,47,47,96,19,19,11250081_F_EANewYear02.gltf,11250080_c_eanewyear02_d.png,11250080_c_eanewyear02_c.png,Bip01 Spine1,
11250082,올림포스 이어링 (남),11250082,147,226,242,89,153,165,11250082_M_EAOlympos01.gltf,11250082_c_eaolympos01_d.png,11250082_c_eaolympos01_c.png,Bip01 Spine1,
11250083,올림포스 이어링 (여),11250083,147,226,242,89,153,165,11250083_F_EAOlympos01.gltf,11250082_c_eaolympos01_d.png,11250082_c_eaolympos01_c.png,Bip01 Spine1,
11250084,골든 리본 쥬얼 이어링 (남),11250084,170,47,47,96,19,19,11250084_M_EAValentine02.gltf,11250084_c_eavalentine02_d.png,11250084_c_eavalentine02_c.png,Bip01 Spine1,
11250085,큐트 블러썸 이어링 (남),11250085,180,165,248,108,96,176,11250085_M_EAGreenDay01.gltf,11250085_c_eagreenday01_d.png,11250085_c_eagreenday01_c.png,Bip01 Spine1,
11250086,큐트 블러썸 이어링 (여),11250085,180,165,248,108,96,176,11250086_F_EAGreenDay01.gltf,11250085_c_eagreenday01_d.png,11250085_c_eagreenday01_c.png,Bip01 Spine1,
11250087,브래스 스터드 이어링,11250087,242,224,191,165,127,96,11250087_F_EABrassStud.gltf,11250087_c_eabrassstud_d.png,11250087_c_eabrassstud_c.png,Bip01 Spine1,
11250088,오리엔탈 엔젤 이어링 (여),11250088,147,226,242,89,153,165,11250088_F_EAOrientalAngel.gltf,11250076_c_eaorientalangel_d.png,11250076_c_eaorientalangel_c.png,Bip01 Spine1,
11250089,골든 리본 쥬얼 이어링 (여),11250089,170,47,47,96,19,19,11250089_F_EAValentine02.gltf,11250084_c_eavalentine02_d.png,11250084_c_eavalentine02_c.png,Bip01 Spine1,
11250090,천계의 선녀 귀고리 (여),11250090,180,165,248,108,96,176,11250090_F_EAOrientalFairy.gltf,11250077_c_eaorientalfairy_d.png,11250077_c_eaorientalfairy_c.png,Bip01 Spine1,
11250091,썬플라워 이어링,11250091,63,59,51,20,18,15,11250091_F_EAPicnic01.gltf,11250091_c_eapicnic01_d.png,11250091_c_eapicnic01_d.png,Bip01 Spine1,
11250092,은하수 별빛 이어링 (남),11250092,244,189,88,163,121,39,11250092_M_EAGalaxyFox.gltf,11250092_c_eagalaxyfox_d.png,11250092_c_eagalaxyfox_c.png,Bip01 Spine1,
11250093,은하수 별빛 이어링 (여),11250093,244,189,88,163,121,39,11250093_F_EAGalaxyFox.gltf,11250092_c_eagalaxyfox_d.png,11250092_c_eagalaxyfox_c.png,Bip01 Spine1,
11250094,디그니티 아머 이어링 (남),11250094,170,47,47,96,19,19,11250094_M_EAOrientalDignity.gltf,11250094_c_eaorientaldignity_d.png,11250094_c_eaorientaldignity_c.png,Bip01 Spine1,
11250095,디그니티 아머 이어링(여),11250095,170,47,47,96,19,19,11250095_F_EAOrientalDignity.gltf,11250094_c_eaorientaldignity_d.png,11250094_c_eaorientaldignity_c.png,Bip01 Spine1,
11250096,메리메리 크리스마스 귀고리 (남),11250039,170,47,47,96,19,19,11250039_M_EAChristmas01.gltf,11250039_c_eachristmas01_d.png,11250039_c_eachristmas01_c.png,Bip01 Spine1,
11250098,쿨링쿨링 마린 이어링 (남),11250098,244,189,88,163,121,39,11250098_M_EAMarine02.gltf,11250098_c_eamarine02_d.png,11250098_c_eamarine02_c.png,Bip01 Spine1,
11250099,쿨링쿨링 마린 이어링 (여),11250099,244,189,88,163,121,39,11250099_F_EAMarine02.gltf,11250098_c_eamarine02_d.png,11250098_c_eamarine02_c.png,Bip01 Spine1,
11250100,펑키 카우보이 스타 이어링 (남),11250100,244,189,88,163,121,39,11250100_M_EACowPuncher.gltf,11250100_c_eacowpuncher_d.png,11250100_c_eacowpuncher_c.png,Bip01 Spine1,
11250101,펑키 카우보이 스타 이어링 (여),11250101,244,189,88,163,121,39,11250101_F_EACowPuncher.gltf,11250100_c_eacowpuncher_d.png,11250100_c_eacowpuncher_c.png,Bip01 Spine1,
11250102,파풀라투스의 귀고리,11200042,63,59,51,20,18,15,11200042_C_EAPapulatusEarring.gltf,11200042_c_eapapulatusearring_d.png,11200042_c_eapapulatusearring_d.png,Bip01 Spine1,
11250103,키튼 방울 이어링 (남),11250103,244,189,88,163,121,39,11250103_M_EAMaid01.gltf,11250103_c_eamaid01_d.png,11250103_c_eamaid01_c.png,Bip01 Spine1,
11250104,키튼 방울 이어링 (여),11250104,244,189,88,163,121,39,11250104_F_EAMaid01.gltf,11250103_c_eamaid01_d.png,11250103_c_eamaid01_c.png,Bip01 Spine1,
11250105,일루셔니스트 테슬 이어링 (남),11250105,170,47,47,96,19,19,11250105_M_EAFairyMagician.gltf,11250105_c_eafairymagician_d.png,11250105_c_eafairymagician_c.png,Bip01 Spine1,
11250106,일루셔니스트 테슬 이어링 (여),11250106,170,47,47,96,19,19,11250106_F_EAFairyMagician.gltf,11250105_c_eafairymagician_d.png,11250105_c_eafairymagician_c.png,Bip01 Spine1,
11250107,오드리 튜튜 쥬얼 이어링 (남),11250107,76,105,181,23,40,79,11250107_M_EABallet01.gltf,11250107_c_eaballet01_d.png,11250107_c_eaballet01_c.png,Bip01 Spine1,
11250108,오드리 튜튜 쥬얼 이어링 (여),11250108,76,105,181,23,40,79,11250108_F_EABallet01.gltf,11250107_c_eaballet01_d.png,11250107_c_eaballet01_c.png,Bip01 Spine1,
11250109,스노우 테일 이어링 (남),11250109,76,105,181,23,40,79,11250109_M_EAFrozen02.gltf,11250109_c_eafrozen02_d.png,11250109_c_eafrozen02_c.png,Bip01 Spine1,
11250110,스노우 테일 이어링 (여),11250110,76,105,181,23,40,79,11250110_F_EAFrozen02.gltf,11250109_c_eafrozen02_d.png,11250109_c_eafrozen02_c.png,Bip01 Spine1,
11250111,타락천사 귀고리 (남),11250111,62,73,117,27,26,48,11250111_M_EALucifer.gltf,11250111_c_ealucifer_d.png,11250111_c_ealucifer_c.png,Bip01 Spine1,
11250112,타락천사 귀고리 (여),11250112,62,73,117,27,26,48,11250112_F_EALucifer.gltf,11250111_c_ealucifer_d.png,11250111_c_ealucifer_c.png,Bip01 Spine1,
11250113,메리메리 크리스마스 귀고리 (여),11250040,170,47,47,96,19,19,11250039_F_EAChristmas01.gltf,11250039_c_eachristmas01_d.png,11250039_c_eachristmas01_c.png,Bip01 Spine1,
11250114,천계의 선인 귀고리 (남),11250077,180,165,248,108,96,176,11250077_M_EAOrientalFairy.gltf,11250077_c_eaorientalfairy_d.png,11250077_c_eaorientalfairy_c.png,Bip01 Spine1,
11250115,천계의 선녀 귀고리 (여),11250090,180,165,248,108,96,176,11250090_F_EAOrientalFairy.gltf,11250077_c_eaorientalfairy_d.png,11250077_c_eaorientalfairy_c.png,Bip01 Spine1,
11250121,마법학교 수련생 귀고리 (남),11250121,76,105,181,23,40,79,11250121_M_EAMagicalSchool.gltf,11250121_c_eamagicalschool_d.png,11250121_c_eamagicalschool_c.png,Bip01 Spine1,
11250122,마법학교 수련생 귀고리 (여),11250122,76,105,181,23,40,79,11250122_F_EAMagicalSchool.gltf,11250121_c_eamagicalschool_d.png,11250121_c_eamagicalschool_c.png,Bip01 Spine1,
11250123,웨딩데이 하트 이어링 (남),11250123,230,230,230,150,150,150,11250123_M_EAWedding02.gltf,11250123_c_eawedding02_d.png,11250123_c_eawedding02_c.png,Bip01 Spine1,
11250124,웨딩데이 하트 이어링 (여),11250124,230,230,230,150,150,150,11250124_F_EAWedding02.gltf,11250123_c_eawedding02_d.png,11250123_c_eawedding02_c.png,Bip01 Spine1,
11250125,바니 플라워 로즈 이어링 (남),11250125,126,204,247,72,94,168,11250125_M_EAFlowerRabbit.gltf,11250125_c_eaflowerrabbit_d.png,11250125_c_eaflowerrabbit_c.png,Bip01 Spine1,
11250126,바니 플라워 로즈 이어링 (여),11250126,239,112,145,153,66,82,11250126_F_EAFlowerRabbit.gltf,11250125_c_eaflowerrabbit_d.png,11250125_c_eaflowerrabbit_c.png,Bip01 Spine1,
11250127,웨딩데이 하트 이어링 (남),11250123,230,230,230,150,150,150,11250123_M_EAWedding02.gltf,11250123_c_eawedding02_d.png,11250123_c_eawedding02_c.png,Bip01 Spine1,
11250128,웨딩데이 하트 이어링 (여),11250124,230,230,230,150,150,150,11250124_F_EAWedding02.gltf,11250123_c_eawedding02_d.png,11250123_c_eawedding02_c.png,Bip01 Spine1,
11250129,큐티 꼬마곰 젤리 이어링 (남),11250129,244,189,88,163,121,39,11250129_M_EAChildren01.gltf,11250129_c_eachildren01_d.png,11250129_c_eachildren01_c.png,Bip01 Spine1,
11250130,큐티 꼬마곰 젤리 이어링 (여),11250130,244,189,88,163,121,39,11250130_F_EAChildren01.gltf,11250129_c_eachildren01_d.png,11250129_c_eachildren01_c.png,Bip01 Spine1,
11250131,우주비행사 행성 귀고리 (남),11250131,244,189,88,163,121,39,11250131_M_EASpaceSuit01.gltf,11250131_c_easpacesuit01_d.png,11250131_c_easpacesuit01_c.png,Bip01 Spine1,
11250132,우주비행사 행성 귀고리 (여),11250132,244,189,88,163,121,39,11250132_F_EASpaceSuit01.gltf,11250131_c_easpacesuit01_d.png,11250131_c_easpacesuit01_c.png,Bip01 Spine1,
11250133,트로피컬 체리 이어링 (남),11250133,194,209,96,64,104,54,11250133_M_EAResortWear.gltf,11250133_c_earesortwear_d.png,11250133_c_earesortwear_c.png,Bip01 Spine1,
11250134,트로피컬 체리 이어링 (여),11250134,170,47,47,96,19,19,11250134_F_EAResortWear.gltf,11250133_c_earesortwear_d.png,11250133_c_earesortwear_c.png,Bip01 Spine1,
11250135,해피 슬라임 이어링,11200058,126,204,247,72,94,168,11200058_F_SlimeEarring.gltf,11200058_c_slimeearring_d.png,11200058_c_slimeearring_c.png,Bip01 Spine1,
11250136,살랑 벚꽃 귀고리,11250136,255,168,203,205,86,106,11250136_F_CherryBlossoms.gltf,11250136_c_cherryblossoms_d.png,11250136_c_cherryblossoms_c.png,Bip01 Spine1,
11250137,페어리 메탈 이어링,11250137,147,226,242,89,153,165,11250137_F_FairyJewel.gltf,11250137_c_fairyjewel_d.png,11250137_c_fairyjewel_c.png,Bip01 Spine1,
11250138,정열의 별빛 귀고리 (남),11250138,132,130,120,68,68,65,11250138_M_EATraditionalNative02.gltf,11250138_m_eatraditionalnative02_d.png,11250138_m_eatraditionalnative02_c.png,Bip01 Spine1,
11250139,정열의 물방울 귀고리 (여),11250139,170,47,47,96,19,19,11250139_F_EATraditionalNative02.gltf,11250139_f_eatraditionalnative02_d.png,11250139_f_eatraditionalnative02_c.png,Bip01 Spine1,
11250173,해변의 낭만 파인애플 이어링,11250173,244,189,88,163,121,39,11250173_F_EASummer01.gltf,11250173_c_easummer01_d.png,11250173_c_easummer01_c.png,Bip01 Spine1,
11250174,여름 축제 달마 귀고리,11250174,126,204,247,72,94,168,11250174_F_EATraditionalNative03.gltf,11250174_c_eatraditionalnative03_d.png,11250174_c_eatraditionalnative03_c.png,Bip01 Spine1,
11250175,큐티 꼬마곰 젤리 이어링 (남),11250129,244,189,88,163,121,39,11250129_M_EAChildren01.gltf,11250129_c_eachildren01_d.png,11250129_c_eachildren01_c.png,Bip01 Spine1,
11250176,큐티 꼬마곰 젤리 이어링 (여),11250130,244,189,88,163,121,39,11250130_F_EAChildren01.gltf,11250129_c_eachildren01_d.png,11250129_c_eachildren01_c.png,Bip01 Spine1,
11250177,보석 조개 귀고리 (남),11250177,147,226,242,89,153,165,11250177_M_EAOrdinary02.gltf,11250177_c_eaordinary02_d.png,11250177_c_eaordinary02_c.png,Bip01 Spine1,
11250178,보석 조개 귀고리 (여),11250178,147,226,242,89,153,165,11250177_F_EAOrdinary02.gltf,11250177_c_eaordinary02_d.png,11250177_c_eaordinary02_c.png,Bip01 Spine1,
11250179,마법학교 수련생 귀고리 (남),11250121,76,105,181,23,40,79,11250121_M_EAMagicalSchool.gltf,11250121_c_eamagicalschool_d.png,11250121_c_eamagicalschool_c.png,Bip01 Spine1,
11250180,마법학교 수련생 귀고리 (여),11250122,76,105,181,23,40,79,11250122_F_EAMagicalSchool.gltf,11250121_c_eamagicalschool_d.png,11250121_c_eamagicalschool_c.png,Bip01 Spine1,
11250181,트라이아 궁중 셰프 귀고리 (남),11250181,63,59,51,20,18,15,11250181_M_EACook02.gltf,11250181_c_eacook02_d.png,11250181_c_eacook02_d.png,Bip01 Spine1,
11250182,트라이아 궁중 셰프 귀고리 (여),11250182,63,59,51,20,18,15,11250182_F_EACook02.gltf,11250181_c_eacook02_d.png,11250181_c_eacook02_d.png,Bip01 Spine1,
11250183,로열 다크니스 이어링 (남),11250183,170,47,47,96,19,19,11250183_M_EADarkFantasy.gltf,11250183_c_eadarkfantasy_d.png,11250183_c_eadarkfantasy_c.png,Bip01 Spine1,
11250184,로열 다크니스 이어링 (여),11250184,170,47,47,96,19,19,11250184_F_EADarkFantasy.gltf,11250183_c_eadarkfantasy_d.png,11250183_c_eadarkfantasy_c.png,Bip01 Spine1,
11250185,성실한 모험가의 패션 귀고리,11200024,63,59,51,20,18,15,11200017_C_ERSilverRingEaring.gltf,11200017_c_ersilverringearing_d.png,11200017_c_ersilverringearing_d.png,Bip01 Spine1,
11250186,체인 비대칭 귀고리 (남),11250186,132,130,120,68,68,65,11250186_M_AsymmetryChain.gltf,11250186_c_asymmetrychain_d.png,11250186_c_asymmetrychain_c.png,Bip01 Spine1,
11250187,체인 비대칭 귀고리 (여),11250187,132,130,120,68,68,65,11250187_F_AsymmetryChain.gltf,11250186_c_asymmetrychain_d.png,11250186_c_asymmetrychain_c.png,Bip01 Spine1,
11250188,살랑 나비 귀고리 (남),11250188,244,189,88,163,121,39,11250188_M_EAGentlyButterfly.gltf,11250188_c_eagentlybutterfly_d.png,11250188_c_eagentlybutterfly_c.png,Bip01 Spine1,
11250189,살랑 나비 귀고리 (여),11250189,244,189,88,163,121,39,11250189_F_EAGentlyButterfly.gltf,11250188_c_eagentlybutterfly_d.png,11250188_c_eagentlybutterfly_c.png,Bip01 Spine1,
11250190,팬시 고딕 하트 이어링 (남),11250190,170,47,47,96,19,19,11250190_M_EAGothic02.gltf,11250190_c_eagothic02_d.png,11250190_c_eagothic02_c.png,Bip01 Spine1,
11250191,팬시 고딕 하트 이어링 (여),11250191,170,47,47,96,19,19,11250191_F_EAGothic02.gltf,11250190_c_eagothic02_d.png,11250190_c_eagothic02_c.png,Bip01 Spine1,
11250195,다크캣 펑키 교복 귀고리 (남),11250195,132,130,120,68,68,65,11250195_M_EASchoolLook02.gltf,11250195_c_easchoollook02_d.png,11250195_c_easchoollook02_c.png,Bip01 Spine1,
11250196,다크캣 펑키 교복 귀고리 (여),11250196,132,130,120,68,68,65,11250196_F_EASchoolLook02.gltf,11250195_c_easchoollook02_d.png,11250195_c_easchoollook02_c.png,Bip01 Spine1,
11250197,성실한 모험가의 패션 귀고리 (30일),11200024,63,59,51,20,18,15,11200017_C_ERSilverRingEaring.gltf,11200017_c_ersilverringearing_d.png,11200017_c_ersilverringearing_d.png,Bip01 Spine1,
11250199,겨울동화 눈꽃 귀고리 (남),11250199,76,105,181,23,40,79,11250199_M_EAFrozen03.gltf,11250199_c_eafrozen03_d.png,11250199_c_eafrozen03_c.png,Bip01 Spine1,
11250200,겨울동화 눈꽃 귀고리 (여),11250200,76,105,181,23,40,79,11250200_F_EAFrozen03.gltf,11250199_c_eafrozen03_d.png,11250199_c_eafrozen03_c.png,Bip01 Spine1,
11250210,스페셜 웨딩 스톤 이어링 (남),11250123,230,230,230,150,150,150,11250123_M_EAWedding02.gltf,11250123_c_eawedding02_d.png,11250123_c_eawedding02_c.png,Bip01 Spine1,
11250211,스페셜 웨딩 스톤 이어링 (여),11250124,230,230,230,150,150,150,11250124_F_EAWedding02.gltf,11250123_c_eawedding02_d.png,11250123_c_eawedding02_c.png,Bip01 Spine1,
11260044,복제된 흉포의 귀고리,11200024,63,59,51,20,18,15,11200017_C_ERSilverRingEaring.gltf,11200017_c_ersilverringearing_d.png,11200017_c_ersilverringearing_d.png,Bip01 Spine1,
11260089,블랙퓨리티 이어링,11200085,63,59,51,20,18,15,11200085_F_EADarkTutor.gltf,11200085_c_eadarktutor_d.png,11200085_c_eadarktutor_c.png,Bip01 Spine1,
11260091,떠돌이 모험가의 유산 : 골동품 귀고리,11200031,63,59,51,20,18,15,11200011_C_ERGoldDrop.gltf,11200011_c_ergolddrop_d.png,11200011_c_ergolddrop_d.png,Bip01 Spine1,
11260092,센츄리온 레드 티어,11200092,63,59,51,20,18,15,11200092_F_EALegendary02.gltf,11200092_c_ealegendary02_d.png,11200092_c_ealegendary02_c.png,Bip01 Spine1,
11260097,강화된 품위의 귀고리,11200021,63,59,51,20,18,15,11200013_C_ERHolyCross.gltf,11200013_c_erholycross_d.png,11200013_c_erholycross_c.png,Bip01 Spine1,
11260101,성실한 모험가의 패션 귀고리,11200024,63,59,51,20,18,15,11200017_C_ERSilverRingEaring.gltf,11200017_c_ersilverringearing_d.png,11200017_c_ersilverringearing_d.png,Bip01 Spine1,
11280044,흉포의 귀고리,11200024,63,59,51,20,18,15,11200017_C_ERSilverRingEaring.gltf,11200017_c_ersilverringearing_d.png,11200017_c_ersilverringearing_d.png,Bip01 Spine1,
11280061,검은 불꽃의 귀고리,11200026,63,59,51,20,18,15,11200020_C_ERAmethystCrossSilver.gltf,11200020_c_eramethystcrosssilver_d.png,11200020_c_eramethystcrossgold_c.png,Bip01 Spine1,
11280096,타이렌 로열 귀고리,11200088,63,59,51,20,18,15,11200088_F_EALappenshad.gltf,11200088_c_ealappenshad_d.png,11200088_c_ealappenshad_c.png,Bip01 Spine1,
11280118,플루토 이어링,11200072,63,59,51,20,18,15,11200072_F_EALegendary02.gltf,11200072_c_ealegendary02_d.png,11200072_c_ealegendary02_c.png,Bip01 Spine1,
11290029,마크52 오메가의 귀고리,11200027,63,59,51,20,18,15,11200020_C_ERAmethystCrossGold.gltf,11200020_c_eramethystcrossgold_d.png,11200020_c_eramethystcrossgold_c.png,Bip01 Spine1,
11290047,귀여운 더키볼 귀고리,11200047,63,59,51,20,18,15,11200047_C_EADuckyBallEvent01.gltf,11200047_c_eaduckyballevent01_d.png,11200047_c_eaduckyballevent01_d.png,Bip01 Spine1,
11290048,시크한 더키볼 귀고리,11200048,63,59,51,20,18,15,11200048_C_EADuckyBallEvent02.gltf,11200048_c_eaduckyballevent02_d.png,11200048_c_eaduckyballevent02_d.png,Bip01 Spine1,
11290049,창피한 더키볼 귀고리,11200049,63,59,51,20,18,15,11200049_C_EADuckyBallEvent03.gltf,11200049_c_eaduckyballevent03_d.png,11200049_c_eaduckyballevent03_d.png,Bip01 Spine1,
11290052,누타만의 귀고리,11200052,63,59,51,20,18,15,11200052_C_EANuEaring.gltf,11200052_c_eanuearing_d.png,11200052_c_eanuearing_d.png,Bip01 Spine1,
11290057,골드 슈아브리체 귀고리,11200057,63,59,51,20,18,15,11200057_F_AngelWingEarCuff.gltf,11200057_c_angelwingearcuff_d.png,11200057_c_angelwingearcuff_c.png,Bip01 Spine1,
11290061,검은 불꽃의 귀고리,11200026,63,59,51,20,18,15,11200020_C_ERAmethystCrossSilver.gltf,11200020_c_eramethystcrosssilver_d.png,11200020_c_eramethystcrossgold_c.png,Bip01 Spine1,
11290064,마드라칸 군주의 귀고리,11200064,63,59,51,20,18,15,11200064_F_EADarkSteel.gltf,11200064_m_eadarksteel_d.png,11200064_m_eadarksteel_c.png,Bip01 Spine1,
11290073,마르스 이어링,11200073,63,59,51,20,18,15,11200073_F_EALegendary01.gltf,11200073_c_ealegendary01_d.png,11200073_c_ealegendary01_c.png,Bip01 Spine1,
11290093,떠돌이 모험가의 유산 : 골동품 귀고리,11200031,63,59,51,20,18,15,11200011_C_ERGoldDrop.gltf,11200011_c_ergolddrop_d.png,11200011_c_ergolddrop_d.png,Bip01 Spine1,
11290094,센츄리온 레드 티어,11200092,63,59,51,20,18,15,11200092_F_EALegendary02.gltf,11200092_c_ealegendary02_d.png,11200092_c_ealegendary02_c.png,Bip01 Spine1,
11290095,블랙퓨리티 이어링,11200085,63,59,51,20,18,15,11200085_F_EADarkTutor.gltf,11200085_c_eadarktutor_d.png,11200085_c_eadarktutor_c.png,Bip01 Spine1,
11290096,마드라칸 군주의 귀고리,11200064,63,59,51,20,18,15,11200064_F_EADarkSteel.gltf,11200064_m_eadarksteel_d.png,11200064_m_eadarksteel_c.png,Bip01 Spine1,
11290097,강화된 품위의 귀고리,11200021,63,59,51,20,18,15,11200013_C_ERHolyCross.gltf,11200013_c_erholycross_d.png,11200013_c_erholycross_c.png,Bip01 Spine1,
11290113,앱솔루트 이어링,11200031,63,59,51,20,18,15,11200011_C_ERGoldDrop.gltf,11200011_c_ergolddrop_d.png,11200011_c_ergolddrop_d.png,Bip01 Spine1,
11290114,흉포한 귀고리,11200024,63,59,51,20,18,15,11200017_C_ERSilverRingEaring.gltf,11200017_c_ersilverringearing_d.png,11200017_c_ersilverringearing_d.png,Bip01 Spine1,
11290116,마크52 오메가의 귀고리,11200027,63,59,51,20,18,15,11200020_C_ERAmethystCrossGold.gltf,11200020_c_eramethystcrossgold_d.png,11200020_c_eramethystcrossgold_c.png,Bip01 Spine1,
11290117,누타만의 귀고리,11200052,63,59,51,20,18,15,11200052_C_EANuEaring.gltf,11200052_c_eanuearing_d.png,11200052_c_eanuearing_d.png,Bip01 Spine1,
11290118,타이렌 렌샤 귀고리,11200099,63,59,51,20,18,15,11200099_F_EAGiganTikaA01.gltf,11200099_c_eagigantikaa01_d.png,11200099_c_eagigantikaa01_c.png,Bip01 Spine1,
11290119,게오르크 카이 귀고리,11200100,63,59,51,20,18,15,11200100_F_EAKritias01.gltf,11200100_c_eakritias01_d.png,11200100_c_eakritias01_c.png,Bip01 Spine1,